2026-01-07 07:39:03.988 DEBUG [Launchkey_MK4_patched] Logger initialized. Log path: C:\ProgramData\Ableton\Live 12 Suite\Resources\MIDI Remote Scripts\Launchkey_MK4_patched\launchkey_mk4_init.log
2026-01-07 07:39:03.990 DEBUG [Launchkey_MK4_patched.__init__] Logger initialized. Log path: C:\ProgramData\Ableton\Live 12 Suite\Resources\MIDI Remote Scripts\Launchkey_MK4_patched\launchkey_mk4_init.log
2026-01-07 07:39:04.000 DEBUG [Launchkey_MK4_patched] ENTER get_capabilities()
2026-01-07 07:39:04.001 DEBUG [Launchkey_MK4_patched] RETURN get_capabilities(): {'controller_id': {'vendor_id': 4661, 'product_ids': [323, 324, 325, 326], 'model_names': ['Launchkey MK4 25 patched', 'Launchkey MK4 37 patched', 'Launchkey MK4 49 patched', 'Launchkey MK4 61 patched']}, 'ports': [{'direction': 'in', 'name': '', 'props': ['notes_cc']}, {'direction': 'in', 'name': '', 'props': ['notes_cc', 'script']}, {'direction': 'out', 'name': '', 'props': []}, {'direction': 'out', 'name': '', 'props': ['notes_cc', 'sync', 'script']}], 'auto_load': True}
2026-01-07 07:39:04.953 DEBUG [Launchkey_MK4_patched] ENTER get_capabilities()
2026-01-07 07:39:04.953 DEBUG [Launchkey_MK4_patched] RETURN get_capabilities(): {'controller_id': {'vendor_id': 4661, 'product_ids': [323, 324, 325, 326], 'model_names': ['Launchkey MK4 25 patched', 'Launchkey MK4 37 patched', 'Launchkey MK4 49 patched', 'Launchkey MK4 61 patched']}, 'ports': [{'direction': 'in', 'name': '', 'props': ['notes_cc']}, {'direction': 'in', 'name': '', 'props': ['notes_cc', 'script']}, {'direction': 'out', 'name': '', 'props': []}, {'direction': 'out', 'name': '', 'props': ['notes_cc', 'sync', 'script']}], 'auto_load': True}
2026-01-07 07:39:05.020 DEBUG [Launchkey_MK4_patched] ENTER get_capabilities()
2026-01-07 07:39:05.020 DEBUG [Launchkey_MK4_patched] RETURN get_capabilities(): {'controller_id': {'vendor_id': 4661, 'product_ids': [323, 324, 325, 326], 'model_names': ['Launchkey MK4 25 patched', 'Launchkey MK4 37 patched', 'Launchkey MK4 49 patched', 'Launchkey MK4 61 patched']}, 'ports': [{'direction': 'in', 'name': '', 'props': ['notes_cc']}, {'direction': 'in', 'name': '', 'props': ['notes_cc', 'script']}, {'direction': 'out', 'name': '', 'props': []}, {'direction': 'out', 'name': '', 'props': ['notes_cc', 'sync', 'script']}], 'auto_load': True}
2026-01-07 07:39:44.608 DEBUG [Launchkey_MK4_patched.__init__] ENTER create_launchkey_specification(elements_type=<class 'Launchkey_Mini_MK4_patched.elements.Elements'>, create_mappings_function=<function create_mappings at 0x0000000023EA0400>, sysex_header=(240, 0, 32, 41, 2, 19))
2026-01-07 07:39:44.609 DEBUG [Launchkey_MK4_patched.__init__] Building elements_type partial(elements_type, sysex_header)
2026-01-07 07:39:44.609 DEBUG [Launchkey_MK4_patched.__init__] Creating skin via create_skin(skin=Skin, colors=Rgb)
2026-01-07 07:39:44.609 DEBUG [Launchkey_MK4_patched.__init__] Building hello_messages/goodbye_messages
2026-01-07 07:39:44.609 DEBUG [Launchkey_MK4_patched.__init__] Building component_map
2026-01-07 07:39:44.610 DEBUG [Launchkey_MK4_patched.__init__] Creating ControlSurfaceSpecification(...)
2026-01-07 07:39:44.610 DEBUG [Launchkey_MK4_patched.__init__] RETURN create_launchkey_specification(): ControlSurfaceSpecification(elements_type=functools.partial(<class 'Launchkey_Mini_MK4_patched.elements.Elements'>, (240, 0, 32, 41, 2, 19)), control_surface_skin=<ableton.v3.control_surface.skin.Skin object at 0x0000000024738350>, num_tracks=8, num_scenes=2, include_auto_arming=True, link_session_ring_to_track_selection=True, feedback_channels=[15], playing_feedback_velocity=3, recording_feedback_velocity=5, identity_response_id_bytes=(0, 32, 41, -1, 1, 0, 1), sysex_header=(240, 0, 32, 41, 2, 19), hello_messages=((240, 0, 32, 41, 2, 19, 2, 127, 247), (182, 71, 127), (182, 84, 127)), goodbye_messages=((240, 0, 32, 41, 2, 19, 2, 0, 247), (182, 84, 0), (182, 76, 127)), create_mappings_function=<function create_mappings at 0x0000000023EA0400>, auto_arm_component_type=<class 'Launchkey_MK4_patched.auto_arm.AutoArmComponent'>, component_map={'Cue_Point': <class 'Launchkey_MK4_patched.cue_point.CuePointComponent'>, 'Drum_Group': <class 'Launchkey_MK4_patched.drum_group.DrumGroupComponent'>, 'Encoder_Touch': <class 'Launchkey_MK4_patched.encoder_touch.EncoderTouchComponent'>, 'Keyboard': <class 'Launchkey_MK4_patched.keyboard.KeyboardComponent'>, 'Scale': <class 'Launchkey_MK4_patched.scale.ScaleComponent'>, 'Session': <class 'Launchkey_MK4_patched.session.SessionComponent'>, 'Session_Navigation': <class 'Launchkey_MK4_patched.session_navigation.SessionNavigationComponent'>, 'Step_Sequence': <class 'Launchkey_MK4_patched.step_sequence.StepSequenceComponent'>, 'Transport': <class 'Launchkey_MK4_patched.transport.TransportComponent'>, 'Volume_Mixer': functools.partial(<class 'ableton.v3.control_surface.components.mixer.MixerComponent'>, name='Volume_Mixer'), 'Zoom': <class 'Launchkey_MK4_patched.zoom.ZoomComponent'>}, display_specification=<ableton.v3.control_surface.display.display_specification.DisplaySpecification object at 0x0000000023E87F50>)
2026-01-07 07:39:44.610 DEBUG [Launchkey_MK4_patched.__init__] ENTER LaunchkeyCommonControlSurface.__init__(a=(), k={'specification': ControlSurfaceSpecification(elements_type=functools.partial(<class 'Launchkey_Mini_MK4_patched.elements.Elements'>, (240, 0, 32, 41, 2, 19)), control_surface_skin=<ableton.v3.control_surface.skin.Skin object at 0x0000000024738350>, num_tracks=8, num_scenes=2, include_auto_arming=True, link_session_ring_to_track_selection=True, feedback_channels=[15], playing_feedback_velocity=3, recording_feedback_velocity=5, identity_response_id_bytes=(0, 32, 41, -1, 1, 0, 1), sysex_header=(240, 0, 32, 41, 2, 19), hello_messages=((240, 0, 32, 41, 2, 19, 2, 127, 247), (182, 71, 127), (182, 84, 127)), goodbye_messages=((240, 0, 32, 41, 2, 19, 2, 0, 247), (182, 84, 0), (182, 76, 127)), create_mappings_function=<function create_mappings at 0x0000000023EA0400>, auto_arm_component_type=<class 'Launchkey_MK4_patched.auto_arm.AutoArmComponent'>, component_map={'Cue_Point': <class 'Launchkey_MK4_patched.cue_point.CuePointComponent'>, 'Drum_Group': <class 'Launchkey_MK4_patched.drum_group.DrumGroupComponent'>, 'Encoder_Touch': <class 'Launchkey_MK4_patched.encoder_touch.EncoderTouchComponent'>, 'Keyboard': <class 'Launchkey_MK4_patched.keyboard.KeyboardComponent'>, 'Scale': <class 'Launchkey_MK4_patched.scale.ScaleComponent'>, 'Session': <class 'Launchkey_MK4_patched.session.SessionComponent'>, 'Session_Navigation': <class 'Launchkey_MK4_patched.session_navigation.SessionNavigationComponent'>, 'Step_Sequence': <class 'Launchkey_MK4_patched.step_sequence.StepSequenceComponent'>, 'Transport': <class 'Launchkey_MK4_patched.transport.TransportComponent'>, 'Volume_Mixer': functools.partial(<class 'ableton.v3.control_surface.components.mixer.MixerComponent'>, name='Volume_Mixer'), 'Zoom': <class 'Launchkey_MK4_patched.zoom.ZoomComponent'>}, display_specification=<ableton.v3.control_surface.display.display_specification.DisplaySpecification object at 0x0000000023E87F50>), 'c_instance': <MidiRemoteScript.MidiRemoteScript object at 0x000000002465CA40>})
2026-01-07 07:39:44.622 DEBUG [Launchkey_MK4_patched.__init__] ENTER LaunchkeyCommonControlSurface._should_include_element_in_background(element=<ableton.v3.control_surface.elements.button.ButtonElement object at 0x0000000024752E50>)
2026-01-07 07:39:44.623 DEBUG [Launchkey_MK4_patched.__init__] RETURN _should_include_element_in_background: True (element.name='Pad_Function_Button')
2026-01-07 07:39:44.623 DEBUG [Launchkey_MK4_patched.__init__] ENTER LaunchkeyCommonControlSurface._should_include_element_in_background(element=<Launchkey_MK4_patched.multi_button.SecondaryButtonElement object at 0x000000002475C050>)
2026-01-07 07:39:44.623 DEBUG [Launchkey_MK4_patched.__init__] RETURN _should_include_element_in_background: True (element.name='Pad_Mode_Element')
2026-01-07 07:39:44.623 DEBUG [Launchkey_MK4_patched.__init__] ENTER LaunchkeyCommonControlSurface._should_include_element_in_background(element=<Launchkey_MK4_patched.multi_button.MultiButtonElement object at 0x000000000703CA50>)
2026-01-07 07:39:44.623 DEBUG [Launchkey_MK4_patched.__init__] RETURN _should_include_element_in_background: True (element.name='Pad_Mode_Element')
2026-01-07 07:39:44.623 DEBUG [Launchkey_MK4_patched.__init__] ENTER LaunchkeyCommonControlSurface._should_include_element_in_background(element=<Launchkey_MK4_patched.multi_button.SecondaryButtonElement object at 0x000000002473A010>)
2026-01-07 07:39:44.623 DEBUG [Launchkey_MK4_patched.__init__] RETURN _should_include_element_in_background: True (element.name='Encoder_Mode_Element')
2026-01-07 07:39:44.623 DEBUG [Launchkey_MK4_patched.__init__] ENTER LaunchkeyCommonControlSurface._should_include_element_in_background(element=<Launchkey_MK4_patched.multi_button.MultiButtonElement object at 0x000000002473AA50>)
2026-01-07 07:39:44.623 DEBUG [Launchkey_MK4_patched.__init__] RETURN _should_include_element_in_background: True (element.name='Encoder_Mode_Element')
2026-01-07 07:39:44.623 DEBUG [Launchkey_MK4_patched.__init__] ENTER LaunchkeyCommonControlSurface._should_include_element_in_background(element=<Launchkey_MK4_patched.multi_button.SecondaryButtonElement object at 0x000000002475CF50>)
2026-01-07 07:39:44.623 DEBUG [Launchkey_MK4_patched.__init__] RETURN _should_include_element_in_background: True (element.name='Scale_Behavior_Element')
2026-01-07 07:39:44.624 DEBUG [Launchkey_MK4_patched.__init__] ENTER LaunchkeyCommonControlSurface._should_include_element_in_background(element=<Launchkey_MK4_patched.multi_button.MultiButtonElement object at 0x0000000024747010>)
2026-01-07 07:39:44.624 DEBUG [Launchkey_MK4_patched.__init__] RETURN _should_include_element_in_background: True (element.name='Scale_Behavior_Element')
2026-01-07 07:39:44.624 DEBUG [Launchkey_MK4_patched.__init__] ENTER LaunchkeyCommonControlSurface._should_include_element_in_background(element=<Launchkey_MK4_patched.multi_button.SecondaryButtonElement object at 0x000000002475D590>)
2026-01-07 07:39:44.624 DEBUG [Launchkey_MK4_patched.__init__] RETURN _should_include_element_in_background: True (element.name='Root_Note_Element')
2026-01-07 07:39:44.624 DEBUG [Launchkey_MK4_patched.__init__] ENTER LaunchkeyCommonControlSurface._should_include_element_in_background(element=<Launchkey_MK4_patched.multi_button.MultiButtonElement object at 0x0000000024747E50>)
2026-01-07 07:39:44.624 DEBUG [Launchkey_MK4_patched.__init__] RETURN _should_include_element_in_background: True (element.name='Root_Note_Element')
2026-01-07 07:39:44.624 DEBUG [Launchkey_MK4_patched.__init__] ENTER LaunchkeyCommonControlSurface._should_include_element_in_background(element=<Launchkey_MK4_patched.multi_button.SecondaryButtonElement object at 0x0000000024752890>)
2026-01-07 07:39:44.624 DEBUG [Launchkey_MK4_patched.__init__] RETURN _should_include_element_in_background: True (element.name='Scale_Type_Element')
2026-01-07 07:39:44.624 DEBUG [Launchkey_MK4_patched.__init__] ENTER LaunchkeyCommonControlSurface._should_include_element_in_background(element=<Launchkey_MK4_patched.multi_button.MultiButtonElement object at 0x0000000024752810>)
2026-01-07 07:39:44.624 DEBUG [Launchkey_MK4_patched.__init__] RETURN _should_include_element_in_background: True (element.name='Scale_Type_Element')
2026-01-07 07:39:44.624 DEBUG [Launchkey_MK4_patched.__init__] ENTER LaunchkeyCommonControlSurface._should_include_element_in_background(element=<Launchkey_MK4_patched.multi_button.SecondaryButtonElement object at 0x000000002475C750>)
2026-01-07 07:39:44.624 DEBUG [Launchkey_MK4_patched.__init__] RETURN _should_include_element_in_background: True (element.name='Shift_Button')
2026-01-07 07:39:44.625 DEBUG [Launchkey_MK4_patched.__init__] ENTER LaunchkeyCommonControlSurface._should_include_element_in_background(element=<Launchkey_MK4_patched.multi_button.MultiButtonElement object at 0x0000000024744CD0>)
2026-01-07 07:39:44.625 DEBUG [Launchkey_MK4_patched.__init__] RETURN _should_include_element_in_background: True (element.name='Shift_Button')
2026-01-07 07:39:44.625 DEBUG [Launchkey_MK4_patched.__init__] ENTER LaunchkeyCommonControlSurface._should_include_element_in_background(element=<ableton.v3.control_surface.elements.button.ButtonElement object at 0x0000000024753FD0>)
2026-01-07 07:39:44.625 DEBUG [Launchkey_MK4_patched.__init__] RETURN _should_include_element_in_background: True (element.name='Arp_Button')
2026-01-07 07:39:44.625 DEBUG [Launchkey_MK4_patched.__init__] ENTER LaunchkeyCommonControlSurface._should_include_element_in_background(element=<ableton.v3.control_surface.elements.button.ButtonElement object at 0x000000002475F190>)
2026-01-07 07:39:44.625 DEBUG [Launchkey_MK4_patched.__init__] RETURN _should_include_element_in_background: True (element.name='Scale_Button')
2026-01-07 07:39:44.625 DEBUG [Launchkey_MK4_patched.__init__] ENTER LaunchkeyCommonControlSurface._should_include_element_in_background(element=<ableton.v3.control_surface.elements.button.ButtonElement object at 0x000000002475F9D0>)
2026-01-07 07:39:44.625 DEBUG [Launchkey_MK4_patched.__init__] RETURN _should_include_element_in_background: True (element.name='Scene_Launch_Button')
2026-01-07 07:39:44.625 DEBUG [Launchkey_MK4_patched.__init__] ENTER LaunchkeyCommonControlSurface._should_include_element_in_background(element=<ableton.v3.control_surface.elements.button.ButtonElement object at 0x000000002475DF10>)
2026-01-07 07:39:44.625 DEBUG [Launchkey_MK4_patched.__init__] RETURN _should_include_element_in_background: True (element.name='Encoder_Up_Button')
2026-01-07 07:39:44.625 DEBUG [Launchkey_MK4_patched.__init__] ENTER LaunchkeyCommonControlSurface._should_include_element_in_background(element=<ableton.v3.control_surface.elements.button.ButtonElement object at 0x0000000024744C50>)
2026-01-07 07:39:44.625 DEBUG [Launchkey_MK4_patched.__init__] RETURN _should_include_element_in_background: True (element.name='Encoder_Down_Button')
2026-01-07 07:39:44.625 DEBUG [Launchkey_MK4_patched.__init__] ENTER LaunchkeyCommonControlSurface._should_include_element_in_background(element=<ableton.v3.control_surface.elements.button.ButtonElement object at 0x000000002475EFD0>)
2026-01-07 07:39:44.625 DEBUG [Launchkey_MK4_patched.__init__] RETURN _should_include_element_in_background: True (element.name='Pad_Up_Button')
2026-01-07 07:39:44.625 DEBUG [Launchkey_MK4_patched.__init__] ENTER LaunchkeyCommonControlSurface._should_include_element_in_background(element=<ableton.v3.control_surface.elements.button.ButtonElement object at 0x000000002475F890>)
2026-01-07 07:39:44.625 DEBUG [Launchkey_MK4_patched.__init__] RETURN _should_include_element_in_background: True (element.name='Pad_Down_Button')
2026-01-07 07:39:44.625 DEBUG [Launchkey_MK4_patched.__init__] ENTER LaunchkeyCommonControlSurface._should_include_element_in_background(element=<ableton.v3.control_surface.elements.button.ButtonElement object at 0x000000002475F550>)
2026-01-07 07:39:44.625 DEBUG [Launchkey_MK4_patched.__init__] RETURN _should_include_element_in_background: True (element.name='Play_Button')
2026-01-07 07:39:44.625 DEBUG [Launchkey_MK4_patched.__init__] ENTER LaunchkeyCommonControlSurface._should_include_element_in_background(element=<ableton.v3.control_surface.elements.button.ButtonElement object at 0x000000002475F250>)
2026-01-07 07:39:44.626 DEBUG [Launchkey_MK4_patched.__init__] RETURN _should_include_element_in_background: True (element.name='Record_Button')
2026-01-07 07:39:44.626 DEBUG [Launchkey_MK4_patched.__init__] ENTER LaunchkeyCommonControlSurface._should_include_element_in_background(element=<ableton.v3.control_surface.elements.button.ButtonElement object at 0x000000002476F110>)
2026-01-07 07:39:44.626 DEBUG [Launchkey_MK4_patched.__init__] RETURN _should_include_element_in_background: True (element.name='0_Drum_Pad_0')
2026-01-07 07:39:44.626 DEBUG [Launchkey_MK4_patched.__init__] ENTER LaunchkeyCommonControlSurface._should_include_element_in_background(element=<ableton.v3.control_surface.elements.button.ButtonElement object at 0x000000002476E790>)
2026-01-07 07:39:44.626 DEBUG [Launchkey_MK4_patched.__init__] RETURN _should_include_element_in_background: True (element.name='1_Drum_Pad_0')
2026-01-07 07:39:44.626 DEBUG [Launchkey_MK4_patched.__init__] ENTER LaunchkeyCommonControlSurface._should_include_element_in_background(element=<ableton.v3.control_surface.elements.button.ButtonElement object at 0x000000002476E1D0>)
2026-01-07 07:39:44.626 DEBUG [Launchkey_MK4_patched.__init__] RETURN _should_include_element_in_background: True (element.name='2_Drum_Pad_0')
2026-01-07 07:39:44.626 DEBUG [Launchkey_MK4_patched.__init__] ENTER LaunchkeyCommonControlSurface._should_include_element_in_background(element=<ableton.v3.control_surface.elements.button.ButtonElement object at 0x000000002476E350>)
2026-01-07 07:39:44.626 DEBUG [Launchkey_MK4_patched.__init__] RETURN _should_include_element_in_background: True (element.name='3_Drum_Pad_0')
2026-01-07 07:39:44.626 DEBUG [Launchkey_MK4_patched.__init__] ENTER LaunchkeyCommonControlSurface._should_include_element_in_background(element=<ableton.v3.control_surface.elements.button.ButtonElement object at 0x000000002476F850>)
2026-01-07 07:39:44.626 DEBUG [Launchkey_MK4_patched.__init__] RETURN _should_include_element_in_background: True (element.name='0_Drum_Pad_1')
2026-01-07 07:39:44.626 DEBUG [Launchkey_MK4_patched.__init__] ENTER LaunchkeyCommonControlSurface._should_include_element_in_background(element=<ableton.v3.control_surface.elements.button.ButtonElement object at 0x000000002476FF90>)
2026-01-07 07:39:44.626 DEBUG [Launchkey_MK4_patched.__init__] RETURN _should_include_element_in_background: True (element.name='1_Drum_Pad_1')
2026-01-07 07:39:44.626 DEBUG [Launchkey_MK4_patched.__init__] ENTER LaunchkeyCommonControlSurface._should_include_element_in_background(element=<ableton.v3.control_surface.elements.button.ButtonElement object at 0x000000002476CA50>)
2026-01-07 07:39:44.626 DEBUG [Launchkey_MK4_patched.__init__] RETURN _should_include_element_in_background: True (element.name='2_Drum_Pad_1')
2026-01-07 07:39:44.626 DEBUG [Launchkey_MK4_patched.__init__] ENTER LaunchkeyCommonControlSurface._should_include_element_in_background(element=<ableton.v3.control_surface.elements.button.ButtonElement object at 0x000000002476D210>)
2026-01-07 07:39:44.626 DEBUG [Launchkey_MK4_patched.__init__] RETURN _should_include_element_in_background: True (element.name='3_Drum_Pad_1')
2026-01-07 07:39:44.626 DEBUG [Launchkey_MK4_patched.__init__] ENTER LaunchkeyCommonControlSurface._should_include_element_in_background(element=<ableton.v3.control_surface.elements.button.ButtonElement object at 0x000000002476F590>)
2026-01-07 07:39:44.626 DEBUG [Launchkey_MK4_patched.__init__] RETURN _should_include_element_in_background: True (element.name='0_Drum_Pad_2')
2026-01-07 07:39:44.626 DEBUG [Launchkey_MK4_patched.__init__] ENTER LaunchkeyCommonControlSurface._should_include_element_in_background(element=<ableton.v3.control_surface.elements.button.ButtonElement object at 0x000000002476FB50>)
2026-01-07 07:39:44.627 DEBUG [Launchkey_MK4_patched.__init__] RETURN _should_include_element_in_background: True (element.name='1_Drum_Pad_2')
2026-01-07 07:39:44.627 DEBUG [Launchkey_MK4_patched.__init__] ENTER LaunchkeyCommonControlSurface._should_include_element_in_background(element=<ableton.v3.control_surface.elements.button.ButtonElement object at 0x0000000024779550>)
2026-01-07 07:39:44.627 DEBUG [Launchkey_MK4_patched.__init__] RETURN _should_include_element_in_background: True (element.name='2_Drum_Pad_2')
2026-01-07 07:39:44.627 DEBUG [Launchkey_MK4_patched.__init__] ENTER LaunchkeyCommonControlSurface._should_include_element_in_background(element=<ableton.v3.control_surface.elements.button.ButtonElement object at 0x0000000024779B50>)
2026-01-07 07:39:44.627 DEBUG [Launchkey_MK4_patched.__init__] RETURN _should_include_element_in_background: True (element.name='3_Drum_Pad_2')
2026-01-07 07:39:44.627 DEBUG [Launchkey_MK4_patched.__init__] ENTER LaunchkeyCommonControlSurface._should_include_element_in_background(element=<ableton.v3.control_surface.elements.button.ButtonElement object at 0x0000000024778250>)
2026-01-07 07:39:44.627 DEBUG [Launchkey_MK4_patched.__init__] RETURN _should_include_element_in_background: True (element.name='0_Drum_Pad_3')
2026-01-07 07:39:44.627 DEBUG [Launchkey_MK4_patched.__init__] ENTER LaunchkeyCommonControlSurface._should_include_element_in_background(element=<ableton.v3.control_surface.elements.button.ButtonElement object at 0x000000002477A450>)
2026-01-07 07:39:44.627 DEBUG [Launchkey_MK4_patched.__init__] RETURN _should_include_element_in_background: True (element.name='1_Drum_Pad_3')
2026-01-07 07:39:44.627 DEBUG [Launchkey_MK4_patched.__init__] ENTER LaunchkeyCommonControlSurface._should_include_element_in_background(element=<ableton.v3.control_surface.elements.button.ButtonElement object at 0x000000002477A8D0>)
2026-01-07 07:39:44.627 DEBUG [Launchkey_MK4_patched.__init__] RETURN _should_include_element_in_background: True (element.name='2_Drum_Pad_3')
2026-01-07 07:39:44.627 DEBUG [Launchkey_MK4_patched.__init__] ENTER LaunchkeyCommonControlSurface._should_include_element_in_background(element=<ableton.v3.control_surface.elements.button.ButtonElement object at 0x000000002477AD90>)
2026-01-07 07:39:44.627 DEBUG [Launchkey_MK4_patched.__init__] RETURN _should_include_element_in_background: True (element.name='3_Drum_Pad_3')
2026-01-07 07:39:44.628 DEBUG [Launchkey_MK4_patched.__init__] ENTER LaunchkeyCommonControlSurface._should_include_element_in_background(element=<ableton.v3.control_surface.elements.button.ButtonElement object at 0x000000002477B550>)
2026-01-07 07:39:44.628 DEBUG [Launchkey_MK4_patched.__init__] RETURN _should_include_element_in_background: True (element.name='0_Main_Pad_0')
2026-01-07 07:39:44.628 DEBUG [Launchkey_MK4_patched.__init__] ENTER LaunchkeyCommonControlSurface._should_include_element_in_background(element=<ableton.v3.control_surface.elements.button.ButtonElement object at 0x000000002477A3D0>)
2026-01-07 07:39:44.628 DEBUG [Launchkey_MK4_patched.__init__] RETURN _should_include_element_in_background: True (element.name='1_Main_Pad_0')
2026-01-07 07:39:44.628 DEBUG [Launchkey_MK4_patched.__init__] ENTER LaunchkeyCommonControlSurface._should_include_element_in_background(element=<ableton.v3.control_surface.elements.button.ButtonElement object at 0x000000002477BE10>)
2026-01-07 07:39:44.628 DEBUG [Launchkey_MK4_patched.__init__] RETURN _should_include_element_in_background: True (element.name='2_Main_Pad_0')
2026-01-07 07:39:44.628 DEBUG [Launchkey_MK4_patched.__init__] ENTER LaunchkeyCommonControlSurface._should_include_element_in_background(element=<ableton.v3.control_surface.elements.button.ButtonElement object at 0x000000002477B610>)
2026-01-07 07:39:44.628 DEBUG [Launchkey_MK4_patched.__init__] RETURN _should_include_element_in_background: True (element.name='3_Main_Pad_0')
2026-01-07 07:39:44.628 DEBUG [Launchkey_MK4_patched.__init__] ENTER LaunchkeyCommonControlSurface._should_include_element_in_background(element=<ableton.v3.control_surface.elements.button.ButtonElement object at 0x000000002477BFD0>)
2026-01-07 07:39:44.628 DEBUG [Launchkey_MK4_patched.__init__] RETURN _should_include_element_in_background: True (element.name='4_Main_Pad_0')
2026-01-07 07:39:44.628 DEBUG [Launchkey_MK4_patched.__init__] ENTER LaunchkeyCommonControlSurface._should_include_element_in_background(element=<ableton.v3.control_surface.elements.button.ButtonElement object at 0x000000002477B6D0>)
2026-01-07 07:39:44.628 DEBUG [Launchkey_MK4_patched.__init__] RETURN _should_include_element_in_background: True (element.name='5_Main_Pad_0')
2026-01-07 07:39:44.628 DEBUG [Launchkey_MK4_patched.__init__] ENTER LaunchkeyCommonControlSurface._should_include_element_in_background(element=<ableton.v3.control_surface.elements.button.ButtonElement object at 0x000000002477BB50>)
2026-01-07 07:39:44.628 DEBUG [Launchkey_MK4_patched.__init__] RETURN _should_include_element_in_background: True (element.name='6_Main_Pad_0')
2026-01-07 07:39:44.628 DEBUG [Launchkey_MK4_patched.__init__] ENTER LaunchkeyCommonControlSurface._should_include_element_in_background(element=<ableton.v3.control_surface.elements.button.ButtonElement object at 0x000000002477D290>)
2026-01-07 07:39:44.628 DEBUG [Launchkey_MK4_patched.__init__] RETURN _should_include_element_in_background: True (element.name='7_Main_Pad_0')
2026-01-07 07:39:44.628 DEBUG [Launchkey_MK4_patched.__init__] ENTER LaunchkeyCommonControlSurface._should_include_element_in_background(element=<ableton.v3.control_surface.elements.button.ButtonElement object at 0x000000002477C510>)
2026-01-07 07:39:44.628 DEBUG [Launchkey_MK4_patched.__init__] RETURN _should_include_element_in_background: True (element.name='0_Main_Pad_1')
2026-01-07 07:39:44.628 DEBUG [Launchkey_MK4_patched.__init__] ENTER LaunchkeyCommonControlSurface._should_include_element_in_background(element=<ableton.v3.control_surface.elements.button.ButtonElement object at 0x000000002477DD10>)
2026-01-07 07:39:44.628 DEBUG [Launchkey_MK4_patched.__init__] RETURN _should_include_element_in_background: True (element.name='1_Main_Pad_1')
2026-01-07 07:39:44.629 DEBUG [Launchkey_MK4_patched.__init__] ENTER LaunchkeyCommonControlSurface._should_include_element_in_background(element=<ableton.v3.control_surface.elements.button.ButtonElement object at 0x000000002477E190>)
2026-01-07 07:39:44.629 DEBUG [Launchkey_MK4_patched.__init__] RETURN _should_include_element_in_background: True (element.name='2_Main_Pad_1')
2026-01-07 07:39:44.629 DEBUG [Launchkey_MK4_patched.__init__] ENTER LaunchkeyCommonControlSurface._should_include_element_in_background(element=<ableton.v3.control_surface.elements.button.ButtonElement object at 0x000000002477E650>)
2026-01-07 07:39:44.629 DEBUG [Launchkey_MK4_patched.__init__] RETURN _should_include_element_in_background: True (element.name='3_Main_Pad_1')
2026-01-07 07:39:44.629 DEBUG [Launchkey_MK4_patched.__init__] ENTER LaunchkeyCommonControlSurface._should_include_element_in_background(element=<ableton.v3.control_surface.elements.button.ButtonElement object at 0x000000002477EAD0>)
2026-01-07 07:39:44.629 DEBUG [Launchkey_MK4_patched.__init__] RETURN _should_include_element_in_background: True (element.name='4_Main_Pad_1')
2026-01-07 07:39:44.629 DEBUG [Launchkey_MK4_patched.__init__] ENTER LaunchkeyCommonControlSurface._should_include_element_in_background(element=<ableton.v3.control_surface.elements.button.ButtonElement object at 0x000000002477CED0>)
2026-01-07 07:39:44.629 DEBUG [Launchkey_MK4_patched.__init__] RETURN _should_include_element_in_background: True (element.name='5_Main_Pad_1')
2026-01-07 07:39:44.629 DEBUG [Launchkey_MK4_patched.__init__] ENTER LaunchkeyCommonControlSurface._should_include_element_in_background(element=<ableton.v3.control_surface.elements.button.ButtonElement object at 0x000000002477F410>)
2026-01-07 07:39:44.629 DEBUG [Launchkey_MK4_patched.__init__] RETURN _should_include_element_in_background: True (element.name='6_Main_Pad_1')
2026-01-07 07:39:44.629 DEBUG [Launchkey_MK4_patched.__init__] ENTER LaunchkeyCommonControlSurface._should_include_element_in_background(element=<ableton.v3.control_surface.elements.button.ButtonElement object at 0x000000002477F890>)
2026-01-07 07:39:44.629 DEBUG [Launchkey_MK4_patched.__init__] RETURN _should_include_element_in_background: True (element.name='7_Main_Pad_1')
2026-01-07 07:39:44.629 DEBUG [Launchkey_MK4_patched.__init__] ENTER LaunchkeyCommonControlSurface._should_include_element_in_background(element=<ableton.v3.control_surface.elements.button.ButtonElement object at 0x0000000024785410>)
2026-01-07 07:39:44.630 DEBUG [Launchkey_MK4_patched.__init__] RETURN _should_include_element_in_background: False (element.name='Keyboard_0')
2026-01-07 07:39:44.630 DEBUG [Launchkey_MK4_patched.__init__] ENTER LaunchkeyCommonControlSurface._should_include_element_in_background(element=<ableton.v3.control_surface.elements.button.ButtonElement object at 0x000000002477FCD0>)
2026-01-07 07:39:44.630 DEBUG [Launchkey_MK4_patched.__init__] RETURN _should_include_element_in_background: False (element.name='Keyboard_1')
2026-01-07 07:39:44.630 DEBUG [Launchkey_MK4_patched.__init__] ENTER LaunchkeyCommonControlSurface._should_include_element_in_background(element=<ableton.v3.control_surface.elements.button.ButtonElement object at 0x000000002477DD50>)
2026-01-07 07:39:44.630 DEBUG [Launchkey_MK4_patched.__init__] RETURN _should_include_element_in_background: False (element.name='Keyboard_2')
2026-01-07 07:39:44.630 DEBUG [Launchkey_MK4_patched.__init__] ENTER LaunchkeyCommonControlSurface._should_include_element_in_background(element=<ableton.v3.control_surface.elements.button.ButtonElement object at 0x0000000024784E10>)
2026-01-07 07:39:44.630 DEBUG [Launchkey_MK4_patched.__init__] RETURN _should_include_element_in_background: False (element.name='Keyboard_3')
2026-01-07 07:39:44.630 DEBUG [Launchkey_MK4_patched.__init__] ENTER LaunchkeyCommonControlSurface._should_include_element_in_background(element=<ableton.v3.control_surface.elements.button.ButtonElement object at 0x0000000024785E10>)
2026-01-07 07:39:44.630 DEBUG [Launchkey_MK4_patched.__init__] RETURN _should_include_element_in_background: False (element.name='Keyboard_4')
2026-01-07 07:39:44.630 DEBUG [Launchkey_MK4_patched.__init__] ENTER LaunchkeyCommonControlSurface._should_include_element_in_background(element=<ableton.v3.control_surface.elements.button.ButtonElement object at 0x0000000024785690>)
2026-01-07 07:39:44.630 DEBUG [Launchkey_MK4_patched.__init__] RETURN _should_include_element_in_background: False (element.name='Keyboard_5')
2026-01-07 07:39:44.630 DEBUG [Launchkey_MK4_patched.__init__] ENTER LaunchkeyCommonControlSurface._should_include_element_in_background(element=<ableton.v3.control_surface.elements.button.ButtonElement object at 0x0000000024786890>)
2026-01-07 07:39:44.630 DEBUG [Launchkey_MK4_patched.__init__] RETURN _should_include_element_in_background: False (element.name='Keyboard_6')
2026-01-07 07:39:44.630 DEBUG [Launchkey_MK4_patched.__init__] ENTER LaunchkeyCommonControlSurface._should_include_element_in_background(element=<ableton.v3.control_surface.elements.button.ButtonElement object at 0x0000000024786BD0>)
2026-01-07 07:39:44.630 DEBUG [Launchkey_MK4_patched.__init__] RETURN _should_include_element_in_background: False (element.name='Keyboard_7')
2026-01-07 07:39:44.630 DEBUG [Launchkey_MK4_patched.__init__] ENTER LaunchkeyCommonControlSurface._should_include_element_in_background(element=<ableton.v3.control_surface.elements.button.ButtonElement object at 0x00000000247871D0>)
2026-01-07 07:39:44.630 DEBUG [Launchkey_MK4_patched.__init__] RETURN _should_include_element_in_background: False (element.name='Keyboard_8')
2026-01-07 07:39:44.630 DEBUG [Launchkey_MK4_patched.__init__] ENTER LaunchkeyCommonControlSurface._should_include_element_in_background(element=<ableton.v3.control_surface.elements.button.ButtonElement object at 0x0000000024787510>)
2026-01-07 07:39:44.630 DEBUG [Launchkey_MK4_patched.__init__] RETURN _should_include_element_in_background: False (element.name='Keyboard_9')
2026-01-07 07:39:44.630 DEBUG [Launchkey_MK4_patched.__init__] ENTER LaunchkeyCommonControlSurface._should_include_element_in_background(element=<ableton.v3.control_surface.elements.button.ButtonElement object at 0x0000000024787AD0>)
2026-01-07 07:39:44.630 DEBUG [Launchkey_MK4_patched.__init__] RETURN _should_include_element_in_background: False (element.name='Keyboard_10')
2026-01-07 07:39:44.630 DEBUG [Launchkey_MK4_patched.__init__] ENTER LaunchkeyCommonControlSurface._should_include_element_in_background(element=<ableton.v3.control_surface.elements.button.ButtonElement object at 0x0000000024787F50>)
2026-01-07 07:39:44.631 DEBUG [Launchkey_MK4_patched.__init__] RETURN _should_include_element_in_background: False (element.name='Keyboard_11')
2026-01-07 07:39:44.631 DEBUG [Launchkey_MK4_patched.__init__] ENTER LaunchkeyCommonControlSurface._should_include_element_in_background(element=<ableton.v3.control_surface.elements.button.ButtonElement object at 0x0000000024786390>)
2026-01-07 07:39:44.631 DEBUG [Launchkey_MK4_patched.__init__] RETURN _should_include_element_in_background: False (element.name='Keyboard_12')
2026-01-07 07:39:44.631 DEBUG [Launchkey_MK4_patched.__init__] ENTER LaunchkeyCommonControlSurface._should_include_element_in_background(element=<ableton.v3.control_surface.elements.button.ButtonElement object at 0x00000000247858D0>)
2026-01-07 07:39:44.631 DEBUG [Launchkey_MK4_patched.__init__] RETURN _should_include_element_in_background: False (element.name='Keyboard_13')
2026-01-07 07:39:44.631 DEBUG [Launchkey_MK4_patched.__init__] ENTER LaunchkeyCommonControlSurface._should_include_element_in_background(element=<ableton.v3.control_surface.elements.button.ButtonElement object at 0x0000000024787ED0>)
2026-01-07 07:39:44.631 DEBUG [Launchkey_MK4_patched.__init__] RETURN _should_include_element_in_background: False (element.name='Keyboard_14')
2026-01-07 07:39:44.631 DEBUG [Launchkey_MK4_patched.__init__] ENTER LaunchkeyCommonControlSurface._should_include_element_in_background(element=<ableton.v3.control_surface.elements.button.ButtonElement object at 0x00000000247868D0>)
2026-01-07 07:39:44.631 DEBUG [Launchkey_MK4_patched.__init__] RETURN _should_include_element_in_background: False (element.name='Keyboard_15')
2026-01-07 07:39:44.631 DEBUG [Launchkey_MK4_patched.__init__] ENTER LaunchkeyCommonControlSurface._should_include_element_in_background(element=<ableton.v3.control_surface.elements.button.ButtonElement object at 0x0000000024787F90>)
2026-01-07 07:39:44.631 DEBUG [Launchkey_MK4_patched.__init__] RETURN _should_include_element_in_background: False (element.name='Keyboard_16')
2026-01-07 07:39:44.631 DEBUG [Launchkey_MK4_patched.__init__] ENTER LaunchkeyCommonControlSurface._should_include_element_in_background(element=<ableton.v3.control_surface.elements.button.ButtonElement object at 0x000000002478DA50>)
2026-01-07 07:39:44.631 DEBUG [Launchkey_MK4_patched.__init__] RETURN _should_include_element_in_background: False (element.name='Keyboard_17')
2026-01-07 07:39:44.632 DEBUG [Launchkey_MK4_patched.__init__] ENTER LaunchkeyCommonControlSurface._should_include_element_in_background(element=<ableton.v3.control_surface.elements.button.ButtonElement object at 0x000000002478DED0>)
2026-01-07 07:39:44.632 DEBUG [Launchkey_MK4_patched.__init__] RETURN _should_include_element_in_background: False (element.name='Keyboard_18')
2026-01-07 07:39:44.632 DEBUG [Launchkey_MK4_patched.__init__] ENTER LaunchkeyCommonControlSurface._should_include_element_in_background(element=<ableton.v3.control_surface.elements.button.ButtonElement object at 0x000000002478E350>)
2026-01-07 07:39:44.632 DEBUG [Launchkey_MK4_patched.__init__] RETURN _should_include_element_in_background: False (element.name='Keyboard_19')
2026-01-07 07:39:44.632 DEBUG [Launchkey_MK4_patched.__init__] ENTER LaunchkeyCommonControlSurface._should_include_element_in_background(element=<ableton.v3.control_surface.elements.button.ButtonElement object at 0x000000002478E7D0>)
2026-01-07 07:39:44.632 DEBUG [Launchkey_MK4_patched.__init__] RETURN _should_include_element_in_background: False (element.name='Keyboard_20')
2026-01-07 07:39:44.632 DEBUG [Launchkey_MK4_patched.__init__] ENTER LaunchkeyCommonControlSurface._should_include_element_in_background(element=<ableton.v3.control_surface.elements.button.ButtonElement object at 0x000000002478EC50>)
2026-01-07 07:39:44.632 DEBUG [Launchkey_MK4_patched.__init__] RETURN _should_include_element_in_background: False (element.name='Keyboard_21')
2026-01-07 07:39:44.633 DEBUG [Launchkey_MK4_patched.__init__] ENTER LaunchkeyCommonControlSurface._should_include_element_in_background(element=<ableton.v3.control_surface.elements.button.ButtonElement object at 0x000000002478F0D0>)
2026-01-07 07:39:44.633 DEBUG [Launchkey_MK4_patched.__init__] RETURN _should_include_element_in_background: False (element.name='Keyboard_22')
2026-01-07 07:39:44.633 DEBUG [Launchkey_MK4_patched.__init__] ENTER LaunchkeyCommonControlSurface._should_include_element_in_background(element=<ableton.v3.control_surface.elements.button.ButtonElement object at 0x000000002478F550>)
2026-01-07 07:39:44.633 DEBUG [Launchkey_MK4_patched.__init__] RETURN _should_include_element_in_background: False (element.name='Keyboard_23')
2026-01-07 07:39:44.633 DEBUG [Launchkey_MK4_patched.__init__] ENTER LaunchkeyCommonControlSurface._should_include_element_in_background(element=<ableton.v3.control_surface.elements.button.ButtonElement object at 0x000000002478F9D0>)
2026-01-07 07:39:44.633 DEBUG [Launchkey_MK4_patched.__init__] RETURN _should_include_element_in_background: False (element.name='Keyboard_24')
2026-01-07 07:39:44.633 DEBUG [Launchkey_MK4_patched.__init__] ENTER LaunchkeyCommonControlSurface._should_include_element_in_background(element=<ableton.v3.control_surface.elements.button.ButtonElement object at 0x000000002478FE50>)
2026-01-07 07:39:44.633 DEBUG [Launchkey_MK4_patched.__init__] RETURN _should_include_element_in_background: False (element.name='Keyboard_25')
2026-01-07 07:39:44.633 DEBUG [Launchkey_MK4_patched.__init__] ENTER LaunchkeyCommonControlSurface._should_include_element_in_background(element=<ableton.v3.control_surface.elements.button.ButtonElement object at 0x000000002478D190>)
2026-01-07 07:39:44.633 DEBUG [Launchkey_MK4_patched.__init__] RETURN _should_include_element_in_background: False (element.name='Keyboard_26')
2026-01-07 07:39:44.634 DEBUG [Launchkey_MK4_patched.__init__] ENTER LaunchkeyCommonControlSurface._should_include_element_in_background(element=<ableton.v3.control_surface.elements.button.ButtonElement object at 0x000000002478F950>)
2026-01-07 07:39:44.634 DEBUG [Launchkey_MK4_patched.__init__] RETURN _should_include_element_in_background: False (element.name='Keyboard_27')
2026-01-07 07:39:44.634 DEBUG [Launchkey_MK4_patched.__init__] ENTER LaunchkeyCommonControlSurface._should_include_element_in_background(element=<ableton.v3.control_surface.elements.button.ButtonElement object at 0x000000002478E810>)
2026-01-07 07:39:44.634 DEBUG [Launchkey_MK4_patched.__init__] RETURN _should_include_element_in_background: False (element.name='Keyboard_28')
2026-01-07 07:39:44.634 DEBUG [Launchkey_MK4_patched.__init__] ENTER LaunchkeyCommonControlSurface._should_include_element_in_background(element=<ableton.v3.control_surface.elements.button.ButtonElement object at 0x000000002478F4D0>)
2026-01-07 07:39:44.634 DEBUG [Launchkey_MK4_patched.__init__] RETURN _should_include_element_in_background: False (element.name='Keyboard_29')
2026-01-07 07:39:44.634 DEBUG [Launchkey_MK4_patched.__init__] ENTER LaunchkeyCommonControlSurface._should_include_element_in_background(element=<ableton.v3.control_surface.elements.button.ButtonElement object at 0x000000002478FE90>)
2026-01-07 07:39:44.634 DEBUG [Launchkey_MK4_patched.__init__] RETURN _should_include_element_in_background: False (element.name='Keyboard_30')
2026-01-07 07:39:44.634 DEBUG [Launchkey_MK4_patched.__init__] ENTER LaunchkeyCommonControlSurface._should_include_element_in_background(element=<ableton.v3.control_surface.elements.button.ButtonElement object at 0x0000000024791990>)
2026-01-07 07:39:44.634 DEBUG [Launchkey_MK4_patched.__init__] RETURN _should_include_element_in_background: False (element.name='Keyboard_31')
2026-01-07 07:39:44.634 DEBUG [Launchkey_MK4_patched.__init__] ENTER LaunchkeyCommonControlSurface._should_include_element_in_background(element=<ableton.v3.control_surface.elements.button.ButtonElement object at 0x0000000024791E10>)
2026-01-07 07:39:44.634 DEBUG [Launchkey_MK4_patched.__init__] RETURN _should_include_element_in_background: False (element.name='Keyboard_32')
2026-01-07 07:39:44.634 DEBUG [Launchkey_MK4_patched.__init__] ENTER LaunchkeyCommonControlSurface._should_include_element_in_background(element=<ableton.v3.control_surface.elements.button.ButtonElement object at 0x0000000024792290>)
2026-01-07 07:39:44.634 DEBUG [Launchkey_MK4_patched.__init__] RETURN _should_include_element_in_background: False (element.name='Keyboard_33')
2026-01-07 07:39:44.634 DEBUG [Launchkey_MK4_patched.__init__] ENTER LaunchkeyCommonControlSurface._should_include_element_in_background(element=<ableton.v3.control_surface.elements.button.ButtonElement object at 0x0000000024792710>)
2026-01-07 07:39:44.634 DEBUG [Launchkey_MK4_patched.__init__] RETURN _should_include_element_in_background: False (element.name='Keyboard_34')
2026-01-07 07:39:44.634 DEBUG [Launchkey_MK4_patched.__init__] ENTER LaunchkeyCommonControlSurface._should_include_element_in_background(element=<ableton.v3.control_surface.elements.button.ButtonElement object at 0x0000000024792B90>)
2026-01-07 07:39:44.634 DEBUG [Launchkey_MK4_patched.__init__] RETURN _should_include_element_in_background: False (element.name='Keyboard_35')
2026-01-07 07:39:44.634 DEBUG [Launchkey_MK4_patched.__init__] ENTER LaunchkeyCommonControlSurface._should_include_element_in_background(element=<ableton.v3.control_surface.elements.button.ButtonElement object at 0x0000000024793010>)
2026-01-07 07:39:44.634 DEBUG [Launchkey_MK4_patched.__init__] RETURN _should_include_element_in_background: False (element.name='Keyboard_36')
2026-01-07 07:39:44.634 DEBUG [Launchkey_MK4_patched.__init__] ENTER LaunchkeyCommonControlSurface._should_include_element_in_background(element=<ableton.v3.control_surface.elements.button.ButtonElement object at 0x0000000024793490>)
2026-01-07 07:39:44.635 DEBUG [Launchkey_MK4_patched.__init__] RETURN _should_include_element_in_background: False (element.name='Keyboard_37')
2026-01-07 07:39:44.635 DEBUG [Launchkey_MK4_patched.__init__] ENTER LaunchkeyCommonControlSurface._should_include_element_in_background(element=<ableton.v3.control_surface.elements.button.ButtonElement object at 0x0000000024793910>)
2026-01-07 07:39:44.635 DEBUG [Launchkey_MK4_patched.__init__] RETURN _should_include_element_in_background: False (element.name='Keyboard_38')
2026-01-07 07:39:44.635 DEBUG [Launchkey_MK4_patched.__init__] ENTER LaunchkeyCommonControlSurface._should_include_element_in_background(element=<ableton.v3.control_surface.elements.button.ButtonElement object at 0x0000000024793D90>)
2026-01-07 07:39:44.635 DEBUG [Launchkey_MK4_patched.__init__] RETURN _should_include_element_in_background: False (element.name='Keyboard_39')
2026-01-07 07:39:44.635 DEBUG [Launchkey_MK4_patched.__init__] ENTER LaunchkeyCommonControlSurface._should_include_element_in_background(element=<ableton.v3.control_surface.elements.button.ButtonElement object at 0x00000000247910D0>)
2026-01-07 07:39:44.635 DEBUG [Launchkey_MK4_patched.__init__] RETURN _should_include_element_in_background: False (element.name='Keyboard_40')
2026-01-07 07:39:44.635 DEBUG [Launchkey_MK4_patched.__init__] ENTER LaunchkeyCommonControlSurface._should_include_element_in_background(element=<ableton.v3.control_surface.elements.button.ButtonElement object at 0x0000000024793890>)
2026-01-07 07:39:44.635 DEBUG [Launchkey_MK4_patched.__init__] RETURN _should_include_element_in_background: False (element.name='Keyboard_41')
2026-01-07 07:39:44.636 DEBUG [Launchkey_MK4_patched.__init__] ENTER LaunchkeyCommonControlSurface._should_include_element_in_background(element=<ableton.v3.control_surface.elements.button.ButtonElement object at 0x0000000024792750>)
2026-01-07 07:39:44.636 DEBUG [Launchkey_MK4_patched.__init__] RETURN _should_include_element_in_background: False (element.name='Keyboard_42')
2026-01-07 07:39:44.636 DEBUG [Launchkey_MK4_patched.__init__] ENTER LaunchkeyCommonControlSurface._should_include_element_in_background(element=<ableton.v3.control_surface.elements.button.ButtonElement object at 0x0000000024793410>)
2026-01-07 07:39:44.636 DEBUG [Launchkey_MK4_patched.__init__] RETURN _should_include_element_in_background: False (element.name='Keyboard_43')
2026-01-07 07:39:44.636 DEBUG [Launchkey_MK4_patched.__init__] ENTER LaunchkeyCommonControlSurface._should_include_element_in_background(element=<ableton.v3.control_surface.elements.button.ButtonElement object at 0x0000000024793DD0>)
2026-01-07 07:39:44.636 DEBUG [Launchkey_MK4_patched.__init__] RETURN _should_include_element_in_background: False (element.name='Keyboard_44')
2026-01-07 07:39:44.637 DEBUG [Launchkey_MK4_patched.__init__] ENTER LaunchkeyCommonControlSurface._should_include_element_in_background(element=<ableton.v3.control_surface.elements.button.ButtonElement object at 0x00000000247998D0>)
2026-01-07 07:39:44.637 DEBUG [Launchkey_MK4_patched.__init__] RETURN _should_include_element_in_background: False (element.name='Keyboard_45')
2026-01-07 07:39:44.637 DEBUG [Launchkey_MK4_patched.__init__] ENTER LaunchkeyCommonControlSurface._should_include_element_in_background(element=<ableton.v3.control_surface.elements.button.ButtonElement object at 0x0000000024799D50>)
2026-01-07 07:39:44.637 DEBUG [Launchkey_MK4_patched.__init__] RETURN _should_include_element_in_background: False (element.name='Keyboard_46')
2026-01-07 07:39:44.637 DEBUG [Launchkey_MK4_patched.__init__] ENTER LaunchkeyCommonControlSurface._should_include_element_in_background(element=<ableton.v3.control_surface.elements.button.ButtonElement object at 0x000000002479A1D0>)
2026-01-07 07:39:44.637 DEBUG [Launchkey_MK4_patched.__init__] RETURN _should_include_element_in_background: False (element.name='Keyboard_47')
2026-01-07 07:39:44.637 DEBUG [Launchkey_MK4_patched.__init__] ENTER LaunchkeyCommonControlSurface._should_include_element_in_background(element=<ableton.v3.control_surface.elements.button.ButtonElement object at 0x000000002479A650>)
2026-01-07 07:39:44.637 DEBUG [Launchkey_MK4_patched.__init__] RETURN _should_include_element_in_background: False (element.name='Keyboard_48')
2026-01-07 07:39:44.637 DEBUG [Launchkey_MK4_patched.__init__] ENTER LaunchkeyCommonControlSurface._should_include_element_in_background(element=<ableton.v3.control_surface.elements.button.ButtonElement object at 0x000000002479AAD0>)
2026-01-07 07:39:44.637 DEBUG [Launchkey_MK4_patched.__init__] RETURN _should_include_element_in_background: False (element.name='Keyboard_49')
2026-01-07 07:39:44.638 DEBUG [Launchkey_MK4_patched.__init__] ENTER LaunchkeyCommonControlSurface._should_include_element_in_background(element=<ableton.v3.control_surface.elements.button.ButtonElement object at 0x000000002479AF50>)
2026-01-07 07:39:44.638 DEBUG [Launchkey_MK4_patched.__init__] RETURN _should_include_element_in_background: False (element.name='Keyboard_50')
2026-01-07 07:39:44.638 DEBUG [Launchkey_MK4_patched.__init__] ENTER LaunchkeyCommonControlSurface._should_include_element_in_background(element=<ableton.v3.control_surface.elements.button.ButtonElement object at 0x000000002479B3D0>)
2026-01-07 07:39:44.638 DEBUG [Launchkey_MK4_patched.__init__] RETURN _should_include_element_in_background: False (element.name='Keyboard_51')
2026-01-07 07:39:44.638 DEBUG [Launchkey_MK4_patched.__init__] ENTER LaunchkeyCommonControlSurface._should_include_element_in_background(element=<ableton.v3.control_surface.elements.button.ButtonElement object at 0x000000002479B850>)
2026-01-07 07:39:44.638 DEBUG [Launchkey_MK4_patched.__init__] RETURN _should_include_element_in_background: False (element.name='Keyboard_52')
2026-01-07 07:39:44.638 DEBUG [Launchkey_MK4_patched.__init__] ENTER LaunchkeyCommonControlSurface._should_include_element_in_background(element=<ableton.v3.control_surface.elements.button.ButtonElement object at 0x000000002479BCD0>)
2026-01-07 07:39:44.638 DEBUG [Launchkey_MK4_patched.__init__] RETURN _should_include_element_in_background: False (element.name='Keyboard_53')
2026-01-07 07:39:44.638 DEBUG [Launchkey_MK4_patched.__init__] ENTER LaunchkeyCommonControlSurface._should_include_element_in_background(element=<ableton.v3.control_surface.elements.button.ButtonElement object at 0x0000000024799010>)
2026-01-07 07:39:44.638 DEBUG [Launchkey_MK4_patched.__init__] RETURN _should_include_element_in_background: False (element.name='Keyboard_54')
2026-01-07 07:39:44.638 DEBUG [Launchkey_MK4_patched.__init__] ENTER LaunchkeyCommonControlSurface._should_include_element_in_background(element=<ableton.v3.control_surface.elements.button.ButtonElement object at 0x0000000024798050>)
2026-01-07 07:39:44.638 DEBUG [Launchkey_MK4_patched.__init__] RETURN _should_include_element_in_background: False (element.name='Keyboard_55')
2026-01-07 07:39:44.638 DEBUG [Launchkey_MK4_patched.__init__] ENTER LaunchkeyCommonControlSurface._should_include_element_in_background(element=<ableton.v3.control_surface.elements.button.ButtonElement object at 0x000000002479BC50>)
2026-01-07 07:39:44.638 DEBUG [Launchkey_MK4_patched.__init__] RETURN _should_include_element_in_background: False (element.name='Keyboard_56')
2026-01-07 07:39:44.638 DEBUG [Launchkey_MK4_patched.__init__] ENTER LaunchkeyCommonControlSurface._should_include_element_in_background(element=<ableton.v3.control_surface.elements.button.ButtonElement object at 0x000000002479A690>)
2026-01-07 07:39:44.638 DEBUG [Launchkey_MK4_patched.__init__] RETURN _should_include_element_in_background: False (element.name='Keyboard_57')
2026-01-07 07:39:44.638 DEBUG [Launchkey_MK4_patched.__init__] ENTER LaunchkeyCommonControlSurface._should_include_element_in_background(element=<ableton.v3.control_surface.elements.button.ButtonElement object at 0x000000002479BD10>)
2026-01-07 07:39:44.638 DEBUG [Launchkey_MK4_patched.__init__] RETURN _should_include_element_in_background: False (element.name='Keyboard_58')
2026-01-07 07:39:44.638 DEBUG [Launchkey_MK4_patched.__init__] ENTER LaunchkeyCommonControlSurface._should_include_element_in_background(element=<ableton.v3.control_surface.elements.button.ButtonElement object at 0x000000002479D810>)
2026-01-07 07:39:44.638 DEBUG [Launchkey_MK4_patched.__init__] RETURN _should_include_element_in_background: False (element.name='Keyboard_59')
2026-01-07 07:39:44.639 DEBUG [Launchkey_MK4_patched.__init__] ENTER LaunchkeyCommonControlSurface._should_include_element_in_background(element=<ableton.v3.control_surface.elements.button.ButtonElement object at 0x000000002479DC90>)
2026-01-07 07:39:44.639 DEBUG [Launchkey_MK4_patched.__init__] RETURN _should_include_element_in_background: False (element.name='Keyboard_60')
2026-01-07 07:39:44.639 DEBUG [Launchkey_MK4_patched.__init__] ENTER LaunchkeyCommonControlSurface._should_include_element_in_background(element=<ableton.v3.control_surface.elements.button.ButtonElement object at 0x000000002479E110>)
2026-01-07 07:39:44.639 DEBUG [Launchkey_MK4_patched.__init__] RETURN _should_include_element_in_background: False (element.name='Keyboard_61')
2026-01-07 07:39:44.639 DEBUG [Launchkey_MK4_patched.__init__] ENTER LaunchkeyCommonControlSurface._should_include_element_in_background(element=<ableton.v3.control_surface.elements.button.ButtonElement object at 0x000000002479E590>)
2026-01-07 07:39:44.639 DEBUG [Launchkey_MK4_patched.__init__] RETURN _should_include_element_in_background: False (element.name='Keyboard_62')
2026-01-07 07:39:44.639 DEBUG [Launchkey_MK4_patched.__init__] ENTER LaunchkeyCommonControlSurface._should_include_element_in_background(element=<ableton.v3.control_surface.elements.button.ButtonElement object at 0x000000002479EA10>)
2026-01-07 07:39:44.639 DEBUG [Launchkey_MK4_patched.__init__] RETURN _should_include_element_in_background: False (element.name='Keyboard_63')
2026-01-07 07:39:44.639 DEBUG [Launchkey_MK4_patched.__init__] ENTER LaunchkeyCommonControlSurface._should_include_element_in_background(element=<ableton.v3.control_surface.elements.button.ButtonElement object at 0x000000002479EE90>)
2026-01-07 07:39:44.639 DEBUG [Launchkey_MK4_patched.__init__] RETURN _should_include_element_in_background: False (element.name='Keyboard_64')
2026-01-07 07:39:44.639 DEBUG [Launchkey_MK4_patched.__init__] ENTER LaunchkeyCommonControlSurface._should_include_element_in_background(element=<ableton.v3.control_surface.elements.button.ButtonElement object at 0x000000002479F310>)
2026-01-07 07:39:44.639 DEBUG [Launchkey_MK4_patched.__init__] RETURN _should_include_element_in_background: False (element.name='Keyboard_65')
2026-01-07 07:39:44.639 DEBUG [Launchkey_MK4_patched.__init__] ENTER LaunchkeyCommonControlSurface._should_include_element_in_background(element=<ableton.v3.control_surface.elements.button.ButtonElement object at 0x000000002479F790>)
2026-01-07 07:39:44.639 DEBUG [Launchkey_MK4_patched.__init__] RETURN _should_include_element_in_background: False (element.name='Keyboard_66')
2026-01-07 07:39:44.639 DEBUG [Launchkey_MK4_patched.__init__] ENTER LaunchkeyCommonControlSurface._should_include_element_in_background(element=<ableton.v3.control_surface.elements.button.ButtonElement object at 0x000000002479FC10>)
2026-01-07 07:39:44.639 DEBUG [Launchkey_MK4_patched.__init__] RETURN _should_include_element_in_background: False (element.name='Keyboard_67')
2026-01-07 07:39:44.639 DEBUG [Launchkey_MK4_patched.__init__] ENTER LaunchkeyCommonControlSurface._should_include_element_in_background(element=<ableton.v3.control_surface.elements.button.ButtonElement object at 0x000000002479D3D0>)
2026-01-07 07:39:44.639 DEBUG [Launchkey_MK4_patched.__init__] RETURN _should_include_element_in_background: False (element.name='Keyboard_68')
2026-01-07 07:39:44.639 DEBUG [Launchkey_MK4_patched.__init__] ENTER LaunchkeyCommonControlSurface._should_include_element_in_background(element=<ableton.v3.control_surface.elements.button.ButtonElement object at 0x000000002479CF50>)
2026-01-07 07:39:44.639 DEBUG [Launchkey_MK4_patched.__init__] RETURN _should_include_element_in_background: False (element.name='Keyboard_69')
2026-01-07 07:39:44.639 DEBUG [Launchkey_MK4_patched.__init__] ENTER LaunchkeyCommonControlSurface._should_include_element_in_background(element=<ableton.v3.control_surface.elements.button.ButtonElement object at 0x000000002479FB90>)
2026-01-07 07:39:44.640 DEBUG [Launchkey_MK4_patched.__init__] RETURN _should_include_element_in_background: False (element.name='Keyboard_70')
2026-01-07 07:39:44.640 DEBUG [Launchkey_MK4_patched.__init__] ENTER LaunchkeyCommonControlSurface._should_include_element_in_background(element=<ableton.v3.control_surface.elements.button.ButtonElement object at 0x000000002479F290>)
2026-01-07 07:39:44.640 DEBUG [Launchkey_MK4_patched.__init__] RETURN _should_include_element_in_background: False (element.name='Keyboard_71')
2026-01-07 07:39:44.640 DEBUG [Launchkey_MK4_patched.__init__] ENTER LaunchkeyCommonControlSurface._should_include_element_in_background(element=<ableton.v3.control_surface.elements.button.ButtonElement object at 0x000000002479FC50>)
2026-01-07 07:39:44.640 DEBUG [Launchkey_MK4_patched.__init__] RETURN _should_include_element_in_background: False (element.name='Keyboard_72')
2026-01-07 07:39:44.640 DEBUG [Launchkey_MK4_patched.__init__] ENTER LaunchkeyCommonControlSurface._should_include_element_in_background(element=<ableton.v3.control_surface.elements.button.ButtonElement object at 0x00000000247A1750>)
2026-01-07 07:39:44.640 DEBUG [Launchkey_MK4_patched.__init__] RETURN _should_include_element_in_background: False (element.name='Keyboard_73')
2026-01-07 07:39:44.640 DEBUG [Launchkey_MK4_patched.__init__] ENTER LaunchkeyCommonControlSurface._should_include_element_in_background(element=<ableton.v3.control_surface.elements.button.ButtonElement object at 0x00000000247A1BD0>)
2026-01-07 07:39:44.640 DEBUG [Launchkey_MK4_patched.__init__] RETURN _should_include_element_in_background: False (element.name='Keyboard_74')
2026-01-07 07:39:44.640 DEBUG [Launchkey_MK4_patched.__init__] ENTER LaunchkeyCommonControlSurface._should_include_element_in_background(element=<ableton.v3.control_surface.elements.button.ButtonElement object at 0x00000000247A2050>)
2026-01-07 07:39:44.640 DEBUG [Launchkey_MK4_patched.__init__] RETURN _should_include_element_in_background: False (element.name='Keyboard_75')
2026-01-07 07:39:44.640 DEBUG [Launchkey_MK4_patched.__init__] ENTER LaunchkeyCommonControlSurface._should_include_element_in_background(element=<ableton.v3.control_surface.elements.button.ButtonElement object at 0x00000000247A24D0>)
2026-01-07 07:39:44.640 DEBUG [Launchkey_MK4_patched.__init__] RETURN _should_include_element_in_background: False (element.name='Keyboard_76')
2026-01-07 07:39:44.640 DEBUG [Launchkey_MK4_patched.__init__] ENTER LaunchkeyCommonControlSurface._should_include_element_in_background(element=<ableton.v3.control_surface.elements.button.ButtonElement object at 0x00000000247A2950>)
2026-01-07 07:39:44.640 DEBUG [Launchkey_MK4_patched.__init__] RETURN _should_include_element_in_background: False (element.name='Keyboard_77')
2026-01-07 07:39:44.641 DEBUG [Launchkey_MK4_patched.__init__] ENTER LaunchkeyCommonControlSurface._should_include_element_in_background(element=<ableton.v3.control_surface.elements.button.ButtonElement object at 0x00000000247A2DD0>)
2026-01-07 07:39:44.641 DEBUG [Launchkey_MK4_patched.__init__] RETURN _should_include_element_in_background: False (element.name='Keyboard_78')
2026-01-07 07:39:44.641 DEBUG [Launchkey_MK4_patched.__init__] ENTER LaunchkeyCommonControlSurface._should_include_element_in_background(element=<ableton.v3.control_surface.elements.button.ButtonElement object at 0x00000000247A3250>)
2026-01-07 07:39:44.641 DEBUG [Launchkey_MK4_patched.__init__] RETURN _should_include_element_in_background: False (element.name='Keyboard_79')
2026-01-07 07:39:44.641 DEBUG [Launchkey_MK4_patched.__init__] ENTER LaunchkeyCommonControlSurface._should_include_element_in_background(element=<ableton.v3.control_surface.elements.button.ButtonElement object at 0x00000000247A36D0>)
2026-01-07 07:39:44.641 DEBUG [Launchkey_MK4_patched.__init__] RETURN _should_include_element_in_background: False (element.name='Keyboard_80')
2026-01-07 07:39:44.641 DEBUG [Launchkey_MK4_patched.__init__] ENTER LaunchkeyCommonControlSurface._should_include_element_in_background(element=<ableton.v3.control_surface.elements.button.ButtonElement object at 0x00000000247A3B50>)
2026-01-07 07:39:44.641 DEBUG [Launchkey_MK4_patched.__init__] RETURN _should_include_element_in_background: False (element.name='Keyboard_81')
2026-01-07 07:39:44.641 DEBUG [Launchkey_MK4_patched.__init__] ENTER LaunchkeyCommonControlSurface._should_include_element_in_background(element=<ableton.v3.control_surface.elements.button.ButtonElement object at 0x00000000247A3FD0>)
2026-01-07 07:39:44.641 DEBUG [Launchkey_MK4_patched.__init__] RETURN _should_include_element_in_background: False (element.name='Keyboard_82')
2026-01-07 07:39:44.641 DEBUG [Launchkey_MK4_patched.__init__] ENTER LaunchkeyCommonControlSurface._should_include_element_in_background(element=<ableton.v3.control_surface.elements.button.ButtonElement object at 0x00000000247A1310>)
2026-01-07 07:39:44.641 DEBUG [Launchkey_MK4_patched.__init__] RETURN _should_include_element_in_background: False (element.name='Keyboard_83')
2026-01-07 07:39:44.641 DEBUG [Launchkey_MK4_patched.__init__] ENTER LaunchkeyCommonControlSurface._should_include_element_in_background(element=<ableton.v3.control_surface.elements.button.ButtonElement object at 0x00000000247A3AD0>)
2026-01-07 07:39:44.641 DEBUG [Launchkey_MK4_patched.__init__] RETURN _should_include_element_in_background: False (element.name='Keyboard_84')
2026-01-07 07:39:44.641 DEBUG [Launchkey_MK4_patched.__init__] ENTER LaunchkeyCommonControlSurface._should_include_element_in_background(element=<ableton.v3.control_surface.elements.button.ButtonElement object at 0x00000000247A2990>)
2026-01-07 07:39:44.641 DEBUG [Launchkey_MK4_patched.__init__] RETURN _should_include_element_in_background: False (element.name='Keyboard_85')
2026-01-07 07:39:44.641 DEBUG [Launchkey_MK4_patched.__init__] ENTER LaunchkeyCommonControlSurface._should_include_element_in_background(element=<ableton.v3.control_surface.elements.button.ButtonElement object at 0x00000000247A3650>)
2026-01-07 07:39:44.641 DEBUG [Launchkey_MK4_patched.__init__] RETURN _should_include_element_in_background: False (element.name='Keyboard_86')
2026-01-07 07:39:44.641 DEBUG [Launchkey_MK4_patched.__init__] ENTER LaunchkeyCommonControlSurface._should_include_element_in_background(element=<ableton.v3.control_surface.elements.button.ButtonElement object at 0x00000000247A5550>)
2026-01-07 07:39:44.641 DEBUG [Launchkey_MK4_patched.__init__] RETURN _should_include_element_in_background: False (element.name='Keyboard_87')
2026-01-07 07:39:44.642 DEBUG [Launchkey_MK4_patched.__init__] ENTER LaunchkeyCommonControlSurface._should_include_element_in_background(element=<ableton.v3.control_surface.elements.button.ButtonElement object at 0x00000000247A5B10>)
2026-01-07 07:39:44.642 DEBUG [Launchkey_MK4_patched.__init__] RETURN _should_include_element_in_background: False (element.name='Keyboard_88')
2026-01-07 07:39:44.642 DEBUG [Launchkey_MK4_patched.__init__] ENTER LaunchkeyCommonControlSurface._should_include_element_in_background(element=<ableton.v3.control_surface.elements.button.ButtonElement object at 0x00000000247A5F90>)
2026-01-07 07:39:44.642 DEBUG [Launchkey_MK4_patched.__init__] RETURN _should_include_element_in_background: False (element.name='Keyboard_89')
2026-01-07 07:39:44.642 DEBUG [Launchkey_MK4_patched.__init__] ENTER LaunchkeyCommonControlSurface._should_include_element_in_background(element=<ableton.v3.control_surface.elements.button.ButtonElement object at 0x00000000247A6410>)
2026-01-07 07:39:44.642 DEBUG [Launchkey_MK4_patched.__init__] RETURN _should_include_element_in_background: False (element.name='Keyboard_90')
2026-01-07 07:39:44.642 DEBUG [Launchkey_MK4_patched.__init__] ENTER LaunchkeyCommonControlSurface._should_include_element_in_background(element=<ableton.v3.control_surface.elements.button.ButtonElement object at 0x00000000247A6890>)
2026-01-07 07:39:44.642 DEBUG [Launchkey_MK4_patched.__init__] RETURN _should_include_element_in_background: False (element.name='Keyboard_91')
2026-01-07 07:39:44.642 DEBUG [Launchkey_MK4_patched.__init__] ENTER LaunchkeyCommonControlSurface._should_include_element_in_background(element=<ableton.v3.control_surface.elements.button.ButtonElement object at 0x00000000247A6D10>)
2026-01-07 07:39:44.642 DEBUG [Launchkey_MK4_patched.__init__] RETURN _should_include_element_in_background: False (element.name='Keyboard_92')
2026-01-07 07:39:44.642 DEBUG [Launchkey_MK4_patched.__init__] ENTER LaunchkeyCommonControlSurface._should_include_element_in_background(element=<ableton.v3.control_surface.elements.button.ButtonElement object at 0x00000000247A7190>)
2026-01-07 07:39:44.642 DEBUG [Launchkey_MK4_patched.__init__] RETURN _should_include_element_in_background: False (element.name='Keyboard_93')
2026-01-07 07:39:44.642 DEBUG [Launchkey_MK4_patched.__init__] ENTER LaunchkeyCommonControlSurface._should_include_element_in_background(element=<ableton.v3.control_surface.elements.button.ButtonElement object at 0x00000000247A7610>)
2026-01-07 07:39:44.642 DEBUG [Launchkey_MK4_patched.__init__] RETURN _should_include_element_in_background: False (element.name='Keyboard_94')
2026-01-07 07:39:44.643 DEBUG [Launchkey_MK4_patched.__init__] ENTER LaunchkeyCommonControlSurface._should_include_element_in_background(element=<ableton.v3.control_surface.elements.button.ButtonElement object at 0x00000000247A7A90>)
2026-01-07 07:39:44.643 DEBUG [Launchkey_MK4_patched.__init__] RETURN _should_include_element_in_background: False (element.name='Keyboard_95')
2026-01-07 07:39:44.643 DEBUG [Launchkey_MK4_patched.__init__] ENTER LaunchkeyCommonControlSurface._should_include_element_in_background(element=<ableton.v3.control_surface.elements.button.ButtonElement object at 0x00000000247A7F10>)
2026-01-07 07:39:44.643 DEBUG [Launchkey_MK4_patched.__init__] RETURN _should_include_element_in_background: False (element.name='Keyboard_96')
2026-01-07 07:39:44.643 DEBUG [Launchkey_MK4_patched.__init__] ENTER LaunchkeyCommonControlSurface._should_include_element_in_background(element=<ableton.v3.control_surface.elements.button.ButtonElement object at 0x00000000247A5250>)
2026-01-07 07:39:44.643 DEBUG [Launchkey_MK4_patched.__init__] RETURN _should_include_element_in_background: False (element.name='Keyboard_97')
2026-01-07 07:39:44.643 DEBUG [Launchkey_MK4_patched.__init__] ENTER LaunchkeyCommonControlSurface._should_include_element_in_background(element=<ableton.v3.control_surface.elements.button.ButtonElement object at 0x00000000247A7A10>)
2026-01-07 07:39:44.643 DEBUG [Launchkey_MK4_patched.__init__] RETURN _should_include_element_in_background: False (element.name='Keyboard_98')
2026-01-07 07:39:44.643 DEBUG [Launchkey_MK4_patched.__init__] ENTER LaunchkeyCommonControlSurface._should_include_element_in_background(element=<ableton.v3.control_surface.elements.button.ButtonElement object at 0x00000000247A68D0>)
2026-01-07 07:39:44.643 DEBUG [Launchkey_MK4_patched.__init__] RETURN _should_include_element_in_background: False (element.name='Keyboard_99')
2026-01-07 07:39:44.643 DEBUG [Launchkey_MK4_patched.__init__] ENTER LaunchkeyCommonControlSurface._should_include_element_in_background(element=<ableton.v3.control_surface.elements.button.ButtonElement object at 0x00000000247A7590>)
2026-01-07 07:39:44.643 DEBUG [Launchkey_MK4_patched.__init__] RETURN _should_include_element_in_background: False (element.name='Keyboard_100')
2026-01-07 07:39:44.643 DEBUG [Launchkey_MK4_patched.__init__] ENTER LaunchkeyCommonControlSurface._should_include_element_in_background(element=<ableton.v3.control_surface.elements.button.ButtonElement object at 0x00000000247A7F50>)
2026-01-07 07:39:44.643 DEBUG [Launchkey_MK4_patched.__init__] RETURN _should_include_element_in_background: False (element.name='Keyboard_101')
2026-01-07 07:39:44.643 DEBUG [Launchkey_MK4_patched.__init__] ENTER LaunchkeyCommonControlSurface._should_include_element_in_background(element=<ableton.v3.control_surface.elements.button.ButtonElement object at 0x00000000247A9A50>)
2026-01-07 07:39:44.644 DEBUG [Launchkey_MK4_patched.__init__] RETURN _should_include_element_in_background: False (element.name='Keyboard_102')
2026-01-07 07:39:44.644 DEBUG [Launchkey_MK4_patched.__init__] ENTER LaunchkeyCommonControlSurface._should_include_element_in_background(element=<ableton.v3.control_surface.elements.button.ButtonElement object at 0x00000000247A9ED0>)
2026-01-07 07:39:44.644 DEBUG [Launchkey_MK4_patched.__init__] RETURN _should_include_element_in_background: False (element.name='Keyboard_103')
2026-01-07 07:39:44.644 DEBUG [Launchkey_MK4_patched.__init__] ENTER LaunchkeyCommonControlSurface._should_include_element_in_background(element=<ableton.v3.control_surface.elements.button.ButtonElement object at 0x00000000247AA350>)
2026-01-07 07:39:44.644 DEBUG [Launchkey_MK4_patched.__init__] RETURN _should_include_element_in_background: False (element.name='Keyboard_104')
2026-01-07 07:39:44.644 DEBUG [Launchkey_MK4_patched.__init__] ENTER LaunchkeyCommonControlSurface._should_include_element_in_background(element=<ableton.v3.control_surface.elements.button.ButtonElement object at 0x00000000247AA7D0>)
2026-01-07 07:39:44.644 DEBUG [Launchkey_MK4_patched.__init__] RETURN _should_include_element_in_background: False (element.name='Keyboard_105')
2026-01-07 07:39:44.644 DEBUG [Launchkey_MK4_patched.__init__] ENTER LaunchkeyCommonControlSurface._should_include_element_in_background(element=<ableton.v3.control_surface.elements.button.ButtonElement object at 0x00000000247AAC50>)
2026-01-07 07:39:44.644 DEBUG [Launchkey_MK4_patched.__init__] RETURN _should_include_element_in_background: False (element.name='Keyboard_106')
2026-01-07 07:39:44.644 DEBUG [Launchkey_MK4_patched.__init__] ENTER LaunchkeyCommonControlSurface._should_include_element_in_background(element=<ableton.v3.control_surface.elements.button.ButtonElement object at 0x00000000247AB0D0>)
2026-01-07 07:39:44.644 DEBUG [Launchkey_MK4_patched.__init__] RETURN _should_include_element_in_background: False (element.name='Keyboard_107')
2026-01-07 07:39:44.644 DEBUG [Launchkey_MK4_patched.__init__] ENTER LaunchkeyCommonControlSurface._should_include_element_in_background(element=<ableton.v3.control_surface.elements.button.ButtonElement object at 0x00000000247AB550>)
2026-01-07 07:39:44.644 DEBUG [Launchkey_MK4_patched.__init__] RETURN _should_include_element_in_background: False (element.name='Keyboard_108')
2026-01-07 07:39:44.644 DEBUG [Launchkey_MK4_patched.__init__] ENTER LaunchkeyCommonControlSurface._should_include_element_in_background(element=<ableton.v3.control_surface.elements.button.ButtonElement object at 0x00000000247AB9D0>)
2026-01-07 07:39:44.644 DEBUG [Launchkey_MK4_patched.__init__] RETURN _should_include_element_in_background: False (element.name='Keyboard_109')
2026-01-07 07:39:44.644 DEBUG [Launchkey_MK4_patched.__init__] ENTER LaunchkeyCommonControlSurface._should_include_element_in_background(element=<ableton.v3.control_surface.elements.button.ButtonElement object at 0x00000000247ABE50>)
2026-01-07 07:39:44.644 DEBUG [Launchkey_MK4_patched.__init__] RETURN _should_include_element_in_background: False (element.name='Keyboard_110')
2026-01-07 07:39:44.644 DEBUG [Launchkey_MK4_patched.__init__] ENTER LaunchkeyCommonControlSurface._should_include_element_in_background(element=<ableton.v3.control_surface.elements.button.ButtonElement object at 0x00000000247A9190>)
2026-01-07 07:39:44.644 DEBUG [Launchkey_MK4_patched.__init__] RETURN _should_include_element_in_background: False (element.name='Keyboard_111')
2026-01-07 07:39:44.644 DEBUG [Launchkey_MK4_patched.__init__] ENTER LaunchkeyCommonControlSurface._should_include_element_in_background(element=<ableton.v3.control_surface.elements.button.ButtonElement object at 0x00000000247AB950>)
2026-01-07 07:39:44.644 DEBUG [Launchkey_MK4_patched.__init__] RETURN _should_include_element_in_background: False (element.name='Keyboard_112')
2026-01-07 07:39:44.644 DEBUG [Launchkey_MK4_patched.__init__] ENTER LaunchkeyCommonControlSurface._should_include_element_in_background(element=<ableton.v3.control_surface.elements.button.ButtonElement object at 0x00000000247AA810>)
2026-01-07 07:39:44.645 DEBUG [Launchkey_MK4_patched.__init__] RETURN _should_include_element_in_background: False (element.name='Keyboard_113')
2026-01-07 07:39:44.645 DEBUG [Launchkey_MK4_patched.__init__] ENTER LaunchkeyCommonControlSurface._should_include_element_in_background(element=<ableton.v3.control_surface.elements.button.ButtonElement object at 0x00000000247AB4D0>)
2026-01-07 07:39:44.645 DEBUG [Launchkey_MK4_patched.__init__] RETURN _should_include_element_in_background: False (element.name='Keyboard_114')
2026-01-07 07:39:44.645 DEBUG [Launchkey_MK4_patched.__init__] ENTER LaunchkeyCommonControlSurface._should_include_element_in_background(element=<ableton.v3.control_surface.elements.button.ButtonElement object at 0x00000000247ABE90>)
2026-01-07 07:39:44.645 DEBUG [Launchkey_MK4_patched.__init__] RETURN _should_include_element_in_background: False (element.name='Keyboard_115')
2026-01-07 07:39:44.645 DEBUG [Launchkey_MK4_patched.__init__] ENTER LaunchkeyCommonControlSurface._should_include_element_in_background(element=<ableton.v3.control_surface.elements.button.ButtonElement object at 0x00000000247B1990>)
2026-01-07 07:39:44.645 DEBUG [Launchkey_MK4_patched.__init__] RETURN _should_include_element_in_background: False (element.name='Keyboard_116')
2026-01-07 07:39:44.645 DEBUG [Launchkey_MK4_patched.__init__] ENTER LaunchkeyCommonControlSurface._should_include_element_in_background(element=<ableton.v3.control_surface.elements.button.ButtonElement object at 0x00000000247B1E10>)
2026-01-07 07:39:44.645 DEBUG [Launchkey_MK4_patched.__init__] RETURN _should_include_element_in_background: False (element.name='Keyboard_117')
2026-01-07 07:39:44.645 DEBUG [Launchkey_MK4_patched.__init__] ENTER LaunchkeyCommonControlSurface._should_include_element_in_background(element=<ableton.v3.control_surface.elements.button.ButtonElement object at 0x00000000247B2290>)
2026-01-07 07:39:44.645 DEBUG [Launchkey_MK4_patched.__init__] RETURN _should_include_element_in_background: False (element.name='Keyboard_118')
2026-01-07 07:39:44.645 DEBUG [Launchkey_MK4_patched.__init__] ENTER LaunchkeyCommonControlSurface._should_include_element_in_background(element=<ableton.v3.control_surface.elements.button.ButtonElement object at 0x00000000247B2710>)
2026-01-07 07:39:44.645 DEBUG [Launchkey_MK4_patched.__init__] RETURN _should_include_element_in_background: False (element.name='Keyboard_119')
2026-01-07 07:39:44.645 DEBUG [Launchkey_MK4_patched.__init__] ENTER LaunchkeyCommonControlSurface._should_include_element_in_background(element=<ableton.v3.control_surface.elements.button.ButtonElement object at 0x00000000247B2B90>)
2026-01-07 07:39:44.645 DEBUG [Launchkey_MK4_patched.__init__] RETURN _should_include_element_in_background: False (element.name='Keyboard_120')
2026-01-07 07:39:44.646 DEBUG [Launchkey_MK4_patched.__init__] ENTER LaunchkeyCommonControlSurface._should_include_element_in_background(element=<ableton.v3.control_surface.elements.button.ButtonElement object at 0x00000000247B3010>)
2026-01-07 07:39:44.646 DEBUG [Launchkey_MK4_patched.__init__] RETURN _should_include_element_in_background: False (element.name='Keyboard_121')
2026-01-07 07:39:44.646 DEBUG [Launchkey_MK4_patched.__init__] ENTER LaunchkeyCommonControlSurface._should_include_element_in_background(element=<ableton.v3.control_surface.elements.button.ButtonElement object at 0x00000000247B3490>)
2026-01-07 07:39:44.646 DEBUG [Launchkey_MK4_patched.__init__] RETURN _should_include_element_in_background: False (element.name='Keyboard_122')
2026-01-07 07:39:44.646 DEBUG [Launchkey_MK4_patched.__init__] ENTER LaunchkeyCommonControlSurface._should_include_element_in_background(element=<ableton.v3.control_surface.elements.button.ButtonElement object at 0x00000000247B3910>)
2026-01-07 07:39:44.646 DEBUG [Launchkey_MK4_patched.__init__] RETURN _should_include_element_in_background: False (element.name='Keyboard_123')
2026-01-07 07:39:44.646 DEBUG [Launchkey_MK4_patched.__init__] ENTER LaunchkeyCommonControlSurface._should_include_element_in_background(element=<ableton.v3.control_surface.elements.button.ButtonElement object at 0x00000000247B3D90>)
2026-01-07 07:39:44.646 DEBUG [Launchkey_MK4_patched.__init__] RETURN _should_include_element_in_background: False (element.name='Keyboard_124')
2026-01-07 07:39:44.646 DEBUG [Launchkey_MK4_patched.__init__] ENTER LaunchkeyCommonControlSurface._should_include_element_in_background(element=<ableton.v3.control_surface.elements.button.ButtonElement object at 0x00000000247B10D0>)
2026-01-07 07:39:44.646 DEBUG [Launchkey_MK4_patched.__init__] RETURN _should_include_element_in_background: False (element.name='Keyboard_125')
2026-01-07 07:39:44.646 DEBUG [Launchkey_MK4_patched.__init__] ENTER LaunchkeyCommonControlSurface._should_include_element_in_background(element=<ableton.v3.control_surface.elements.button.ButtonElement object at 0x00000000247B3890>)
2026-01-07 07:39:44.646 DEBUG [Launchkey_MK4_patched.__init__] RETURN _should_include_element_in_background: False (element.name='Keyboard_126')
2026-01-07 07:39:44.646 DEBUG [Launchkey_MK4_patched.__init__] ENTER LaunchkeyCommonControlSurface._should_include_element_in_background(element=<ableton.v3.control_surface.elements.button.ButtonElement object at 0x00000000247B2750>)
2026-01-07 07:39:44.646 DEBUG [Launchkey_MK4_patched.__init__] RETURN _should_include_element_in_background: False (element.name='Keyboard_127')
2026-01-07 07:39:44.646 DEBUG [Launchkey_MK4_patched.__init__] ENTER LaunchkeyCommonControlSurface._should_include_element_in_background(element=<ableton.v3.control_surface.elements.encoder.EncoderElement object at 0x00000000247B7B90>)
2026-01-07 07:39:44.646 DEBUG [Launchkey_MK4_patched.__init__] RETURN _should_include_element_in_background: True (element.name='Encoder_0')
2026-01-07 07:39:44.646 DEBUG [Launchkey_MK4_patched.__init__] ENTER LaunchkeyCommonControlSurface._should_include_element_in_background(element=<ableton.v3.control_surface.elements.encoder.EncoderElement object at 0x00000000247B83D0>)
2026-01-07 07:39:44.646 DEBUG [Launchkey_MK4_patched.__init__] RETURN _should_include_element_in_background: True (element.name='Encoder_1')
2026-01-07 07:39:44.646 DEBUG [Launchkey_MK4_patched.__init__] ENTER LaunchkeyCommonControlSurface._should_include_element_in_background(element=<ableton.v3.control_surface.elements.encoder.EncoderElement object at 0x00000000247B8390>)
2026-01-07 07:39:44.646 DEBUG [Launchkey_MK4_patched.__init__] RETURN _should_include_element_in_background: True (element.name='Encoder_2')
2026-01-07 07:39:44.646 DEBUG [Launchkey_MK4_patched.__init__] ENTER LaunchkeyCommonControlSurface._should_include_element_in_background(element=<ableton.v3.control_surface.elements.encoder.EncoderElement object at 0x00000000247B8BD0>)
2026-01-07 07:39:44.646 DEBUG [Launchkey_MK4_patched.__init__] RETURN _should_include_element_in_background: True (element.name='Encoder_3')
2026-01-07 07:39:44.647 DEBUG [Launchkey_MK4_patched.__init__] ENTER LaunchkeyCommonControlSurface._should_include_element_in_background(element=<ableton.v3.control_surface.elements.encoder.EncoderElement object at 0x00000000247B92D0>)
2026-01-07 07:39:44.647 DEBUG [Launchkey_MK4_patched.__init__] RETURN _should_include_element_in_background: True (element.name='Encoder_4')
2026-01-07 07:39:44.647 DEBUG [Launchkey_MK4_patched.__init__] ENTER LaunchkeyCommonControlSurface._should_include_element_in_background(element=<ableton.v3.control_surface.elements.encoder.EncoderElement object at 0x00000000247BA0D0>)
2026-01-07 07:39:44.647 DEBUG [Launchkey_MK4_patched.__init__] RETURN _should_include_element_in_background: True (element.name='Encoder_5')
2026-01-07 07:39:44.647 DEBUG [Launchkey_MK4_patched.__init__] ENTER LaunchkeyCommonControlSurface._should_include_element_in_background(element=<ableton.v3.control_surface.elements.encoder.EncoderElement object at 0x00000000247BA090>)
2026-01-07 07:39:44.647 DEBUG [Launchkey_MK4_patched.__init__] RETURN _should_include_element_in_background: True (element.name='Encoder_6')
2026-01-07 07:39:44.647 DEBUG [Launchkey_MK4_patched.__init__] ENTER LaunchkeyCommonControlSurface._should_include_element_in_background(element=<ableton.v3.control_surface.elements.encoder.EncoderElement object at 0x00000000247BA810>)
2026-01-07 07:39:44.647 DEBUG [Launchkey_MK4_patched.__init__] RETURN _should_include_element_in_background: True (element.name='Encoder_7')
2026-01-07 07:39:44.647 DEBUG [Launchkey_MK4_patched.__init__] ENTER LaunchkeyCommonControlSurface._should_include_element_in_background(element=<ableton.v3.control_surface.elements.button.ButtonElement object at 0x00000000247BBA90>)
2026-01-07 07:39:44.647 DEBUG [Launchkey_MK4_patched.__init__] RETURN _should_include_element_in_background: True (element.name='Encoder_Touch_Element_0')
2026-01-07 07:39:44.647 DEBUG [Launchkey_MK4_patched.__init__] ENTER LaunchkeyCommonControlSurface._should_include_element_in_background(element=<ableton.v3.control_surface.elements.button.ButtonElement object at 0x00000000247BB310>)
2026-01-07 07:39:44.647 DEBUG [Launchkey_MK4_patched.__init__] RETURN _should_include_element_in_background: True (element.name='Encoder_Touch_Element_1')
2026-01-07 07:39:44.647 DEBUG [Launchkey_MK4_patched.__init__] ENTER LaunchkeyCommonControlSurface._should_include_element_in_background(element=<ableton.v3.control_surface.elements.button.ButtonElement object at 0x00000000247BB210>)
2026-01-07 07:39:44.647 DEBUG [Launchkey_MK4_patched.__init__] RETURN _should_include_element_in_background: True (element.name='Encoder_Touch_Element_2')
2026-01-07 07:39:44.648 DEBUG [Launchkey_MK4_patched.__init__] ENTER LaunchkeyCommonControlSurface._should_include_element_in_background(element=<ableton.v3.control_surface.elements.button.ButtonElement object at 0x00000000247BB850>)
2026-01-07 07:39:44.648 DEBUG [Launchkey_MK4_patched.__init__] RETURN _should_include_element_in_background: True (element.name='Encoder_Touch_Element_3')
2026-01-07 07:39:44.648 DEBUG [Launchkey_MK4_patched.__init__] ENTER LaunchkeyCommonControlSurface._should_include_element_in_background(element=<ableton.v3.control_surface.elements.button.ButtonElement object at 0x00000000247BBC50>)
2026-01-07 07:39:44.648 DEBUG [Launchkey_MK4_patched.__init__] RETURN _should_include_element_in_background: True (element.name='Encoder_Touch_Element_4')
2026-01-07 07:39:44.648 DEBUG [Launchkey_MK4_patched.__init__] ENTER LaunchkeyCommonControlSurface._should_include_element_in_background(element=<ableton.v3.control_surface.elements.button.ButtonElement object at 0x00000000247BB350>)
2026-01-07 07:39:44.648 DEBUG [Launchkey_MK4_patched.__init__] RETURN _should_include_element_in_background: True (element.name='Encoder_Touch_Element_5')
2026-01-07 07:39:44.648 DEBUG [Launchkey_MK4_patched.__init__] ENTER LaunchkeyCommonControlSurface._should_include_element_in_background(element=<ableton.v3.control_surface.elements.button.ButtonElement object at 0x000000002477C290>)
2026-01-07 07:39:44.648 DEBUG [Launchkey_MK4_patched.__init__] RETURN _should_include_element_in_background: True (element.name='Encoder_Touch_Element_6')
2026-01-07 07:39:44.648 DEBUG [Launchkey_MK4_patched.__init__] ENTER LaunchkeyCommonControlSurface._should_include_element_in_background(element=<ableton.v3.control_surface.elements.button.ButtonElement object at 0x00000000247BBE90>)
2026-01-07 07:39:44.648 DEBUG [Launchkey_MK4_patched.__init__] RETURN _should_include_element_in_background: True (element.name='Encoder_Touch_Element_7')
2026-01-07 07:39:44.648 DEBUG [Launchkey_MK4_patched.__init__] ENTER LaunchkeyCommonControlSurface._should_include_element_in_background(element=<ableton.v3.control_surface.elements.sysex.SysexElement object at 0x00000000247BB6D0>)
2026-01-07 07:39:44.649 DEBUG [Launchkey_MK4_patched.__init__] RETURN _should_include_element_in_background: True (element.name='Connection_Element')
2026-01-07 07:39:44.649 DEBUG [Launchkey_MK4_patched.__init__] ENTER LaunchkeyCommonControlSurface._should_include_element_in_background(element=<ableton.v3.control_surface.elements.button.ButtonElement object at 0x0000000024752C10>)
2026-01-07 07:39:44.650 DEBUG [Launchkey_MK4_patched.__init__] RETURN _should_include_element_in_background: True (element.name='Track_Left_Button')
2026-01-07 07:39:44.650 DEBUG [Launchkey_MK4_patched.__init__] ENTER LaunchkeyCommonControlSurface._should_include_element_in_background(element=<ableton.v3.control_surface.elements.button.ButtonElement object at 0x00000000247B56D0>)
2026-01-07 07:39:44.650 DEBUG [Launchkey_MK4_patched.__init__] RETURN _should_include_element_in_background: True (element.name='Track_Right_Button')
2026-01-07 07:39:44.652 DEBUG [Launchkey_MK4_patched.__init__] ENTER LaunchkeyCommonControlSurface._get_additional_dependencies()
2026-01-07 07:39:44.652 DEBUG [Launchkey_MK4_patched.__init__] Creating SequencerClip(target_track=self._target_track)
2026-01-07 07:39:44.653 DEBUG [Launchkey_MK4_patched.__init__] SequencerClip registered: <Launchkey_MK4_patched.step_sequence.SequencerClip object at 0x00000000247F0990>
2026-01-07 07:39:44.653 DEBUG [Launchkey_MK4_patched.__init__] RETURN additional dependencies: {'sequencer_clip': <function const.<locals>.<lambda> at 0x00000000247BD580>}
2026-01-07 07:39:44.654 DEBUG [Launchkey_MK4_patched.__init__] ENTER LaunchkeyCommonControlSurface.setup()
2026-01-07 07:39:44.654 DEBUG [Launchkey_MK4_patched.__init__] Calling super().setup()
2026-01-07 07:39:44.691 DEBUG [Launchkey_MK4_patched.__init__] super().setup() completed
2026-01-07 07:39:44.691 DEBUG [Launchkey_MK4_patched.__init__] Binding __on_main_pad_mode_changed.subject to component_map['Main_Pad_Modes']
2026-01-07 07:39:44.691 DEBUG [Launchkey_MK4_patched.__init__] Registering slots for Daw_Pad_Modes.selected_mode and Sequencer_Modes.selected_mode
2026-01-07 07:39:44.691 DEBUG [Launchkey_MK4_patched.__init__] Setting Keyboard.note_editor from Step_Sequence.note_editor
2026-01-07 07:39:44.691 DEBUG [Launchkey_MK4_patched.__init__] LaunchkeyCommonControlSurface.setup() completed
2026-01-07 07:39:44.691 DEBUG [Launchkey_MK4_patched.__init__] ENTER LaunchkeyCommonControlSurface.drum_group_changed(_) -> _update_sequencer()
2026-01-07 07:39:44.691 DEBUG [Launchkey_MK4_patched.__init__] ENTER LaunchkeyCommonControlSurface._update_sequencer(_=())
2026-01-07 07:39:44.691 DEBUG [Launchkey_MK4_patched.__init__] Mode state: Main_Pad_Modes='null_0' Daw_Pad_Modes='clip' Sequencer_Modes='default'
2026-01-07 07:39:44.691 DEBUG [Launchkey_MK4_patched.__init__] Sequencer not in active condition -> disable keyboard
2026-01-07 07:39:44.692 DEBUG [Launchkey_MK4_patched.__init__] _update_sequencer completed
2026-01-07 07:39:44.692 DEBUG [Launchkey_MK4_patched.__init__] _update_sequencer completed
2026-01-07 07:39:44.766 DEBUG [Launchkey_MK4_patched.__init__] super().__init__ completed
2026-01-07 07:39:44.766 DEBUG [Launchkey_MK4_patched.__init__] Creating _enable_main_modes_task
2026-01-07 07:39:44.766 DEBUG [Launchkey_MK4_patched.__init__] _enable_main_modes_task created: <ableton.v2.base.task.SequenceTask object at 0x00000000247C3990>
2026-01-07 07:39:44.766 DEBUG [Launchkey_MK4_patched.__init__] Killing _enable_main_modes_task initially
2026-01-07 07:39:44.766 DEBUG [Launchkey_MK4_patched.__init__] _enable_main_modes_task killed
2026-01-07 07:39:45.114 DEBUG [Launchkey_MK4_patched.__init__] ENTER LaunchkeyCommonControlSurface.port_settings_changed()
2026-01-07 07:39:45.114 DEBUG [Launchkey_MK4_patched.__init__] Sending disconnect connection_message (port settings changed)
2026-01-07 07:39:45.115 DEBUG [Launchkey_MK4_patched.__init__] Calling super().port_settings_changed()
2026-01-07 07:39:45.115 DEBUG [Launchkey_MK4_patched.__init__] super().port_settings_changed() completed
2026-01-07 07:39:45.251 DEBUG [Launchkey_MK4_patched.__init__] ENTER LaunchkeyCommonControlSurface.target_track_changed(_) -> _update_sequencer()
2026-01-07 07:39:45.252 DEBUG [Launchkey_MK4_patched.__init__] ENTER LaunchkeyCommonControlSurface._update_sequencer(_=())
2026-01-07 07:39:45.252 DEBUG [Launchkey_MK4_patched.__init__] Mode state: Main_Pad_Modes='null_0' Daw_Pad_Modes='clip' Sequencer_Modes='default'
2026-01-07 07:39:45.252 DEBUG [Launchkey_MK4_patched.__init__] Sequencer not in active condition -> disable keyboard
2026-01-07 07:39:45.252 DEBUG [Launchkey_MK4_patched.__init__] _update_sequencer completed
2026-01-07 07:39:45.252 DEBUG [Launchkey_MK4_patched.__init__] _update_sequencer completed
2026-01-07 07:39:45.252 DEBUG [Launchkey_MK4_patched.__init__] ENTER LaunchkeyCommonControlSurface.identification_state_changed(state=True)
2026-01-07 07:39:45.252 DEBUG [Launchkey_MK4_patched.__init__] state=True: updating display and modes, sending disable daw label popup
2026-01-07 07:39:45.253 DEBUG [Launchkey_MK4_patched.__init__] ENTER LaunchkeyCommonControlSurface.send_midi(midi_bytes=(240, 0, 32, 41, 2, 19, 4, 34, 1, 247))
2026-01-07 07:39:45.253 DEBUG [Launchkey_MK4_patched.__init__] _send_midi completed
2026-01-07 07:39:45.253 DEBUG [Launchkey_MK4_patched.__init__] Restarting _enable_main_modes_task
2026-01-07 07:39:45.253 DEBUG [Launchkey_MK4_patched.__init__] _enable_main_modes_task restarted
2026-01-07 07:39:45.548 DEBUG [Launchkey_MK4_patched.__init__] ENTER LaunchkeyCommonControlSurface._enable_main_modes()
2026-01-07 07:39:45.548 DEBUG [Launchkey_MK4_patched.__init__] Identification state: is_identified=True
2026-01-07 07:39:45.548 DEBUG [Launchkey_MK4_patched.__init__] Entering component_guard()
2026-01-07 07:39:45.548 DEBUG [Launchkey_MK4_patched.__init__] Setting Main_Encoder_Modes.selected_mode='plugin'
2026-01-07 07:39:45.548 DEBUG [Launchkey_MK4_patched.__init__] Enabling Main_Encoder_Modes=True
2026-01-07 07:39:45.549 DEBUG [Launchkey_MK4_patched.__init__] ENTER LaunchkeyCommonControlSurface.send_midi(midi_bytes=(182, 69, 127))
2026-01-07 07:39:45.550 DEBUG [Launchkey_MK4_patched.__init__] _send_midi completed
2026-01-07 07:39:45.550 DEBUG [Launchkey_MK4_patched.__init__] Setting Daw_Pad_Modes.selected_mode='clip'
2026-01-07 07:39:45.550 DEBUG [Launchkey_MK4_patched.__init__] Setting Main_Pad_Modes.selected_mode='daw'
2026-01-07 07:39:45.550 DEBUG [Launchkey_MK4_patched.__init__] Enabling Main_Pad_Modes=True
2026-01-07 07:39:45.556 DEBUG [Launchkey_MK4_patched.__init__] ENTER LaunchkeyCommonControlSurface._update_sequencer(_=('clip',))
2026-01-07 07:39:45.556 DEBUG [Launchkey_MK4_patched.__init__] Mode state: Main_Pad_Modes='daw' Daw_Pad_Modes='clip' Sequencer_Modes='default'
2026-01-07 07:39:45.556 DEBUG [Launchkey_MK4_patched.__init__] Sequencer not in active condition -> disable keyboard
2026-01-07 07:39:45.556 DEBUG [Launchkey_MK4_patched.__init__] _update_sequencer completed
2026-01-07 07:39:45.556 DEBUG [Launchkey_MK4_patched.__init__] ENTER __on_main_pad_mode_changed(selected_mode='daw')
2026-01-07 07:39:45.556 DEBUG [Launchkey_MK4_patched.__init__] set_can_update_controlled_track(False)
2026-01-07 07:39:45.556 DEBUG [Launchkey_MK4_patched.__init__] Calling _update_sequencer() due to main pad mode change
2026-01-07 07:39:45.556 DEBUG [Launchkey_MK4_patched.__init__] ENTER LaunchkeyCommonControlSurface._update_sequencer(_=())
2026-01-07 07:39:45.556 DEBUG [Launchkey_MK4_patched.__init__] Mode state: Main_Pad_Modes='daw' Daw_Pad_Modes='clip' Sequencer_Modes='default'
2026-01-07 07:39:45.556 DEBUG [Launchkey_MK4_patched.__init__] Sequencer not in active condition -> disable keyboard
2026-01-07 07:39:45.556 DEBUG [Launchkey_MK4_patched.__init__] _update_sequencer completed
2026-01-07 07:39:45.557 DEBUG [Launchkey_MK4_patched.__init__] __on_main_pad_mode_changed completed
2026-01-07 07:39:45.557 DEBUG [Launchkey_MK4_patched.__init__] component_guard() exited
2026-01-07 07:39:45.557 DEBUG [Launchkey_MK4_patched.__init__] Setting can_auto_arm=True
2026-01-07 07:39:45.557 DEBUG [Launchkey_MK4_patched.__init__] set_can_auto_arm completed
2026-01-07 07:39:59.968 DEBUG [Launchkey_MK4_patched.__init__] ENTER LaunchkeyCommonControlSurface.target_track_changed(_) -> _update_sequencer()
2026-01-07 07:39:59.968 DEBUG [Launchkey_MK4_patched.__init__] ENTER LaunchkeyCommonControlSurface._update_sequencer(_=())
2026-01-07 07:39:59.969 DEBUG [Launchkey_MK4_patched.__init__] Mode state: Main_Pad_Modes='daw' Daw_Pad_Modes='clip' Sequencer_Modes='default'
2026-01-07 07:39:59.969 DEBUG [Launchkey_MK4_patched.__init__] Sequencer not in active condition -> disable keyboard
2026-01-07 07:39:59.969 DEBUG [Launchkey_MK4_patched.__init__] _update_sequencer completed
2026-01-07 07:39:59.969 DEBUG [Launchkey_MK4_patched.__init__] _update_sequencer completed
2026-01-07 07:40:00.651 DEBUG [Launchkey_MK4_patched.__init__] ENTER LaunchkeyCommonControlSurface.target_track_changed(_) -> _update_sequencer()
2026-01-07 07:40:00.651 DEBUG [Launchkey_MK4_patched.__init__] ENTER LaunchkeyCommonControlSurface._update_sequencer(_=())
2026-01-07 07:40:00.651 DEBUG [Launchkey_MK4_patched.__init__] Mode state: Main_Pad_Modes='daw' Daw_Pad_Modes='clip' Sequencer_Modes='default'
2026-01-07 07:40:00.651 DEBUG [Launchkey_MK4_patched.__init__] Sequencer not in active condition -> disable keyboard
2026-01-07 07:40:00.651 DEBUG [Launchkey_MK4_patched.__init__] _update_sequencer completed
2026-01-07 07:40:00.651 DEBUG [Launchkey_MK4_patched.__init__] _update_sequencer completed
2026-01-07 07:40:01.420 DEBUG [Launchkey_MK4_patched.__init__] ENTER LaunchkeyCommonControlSurface.target_track_changed(_) -> _update_sequencer()
2026-01-07 07:40:01.420 DEBUG [Launchkey_MK4_patched.__init__] ENTER LaunchkeyCommonControlSurface._update_sequencer(_=())
2026-01-07 07:40:01.420 DEBUG [Launchkey_MK4_patched.__init__] Mode state: Main_Pad_Modes='daw' Daw_Pad_Modes='clip' Sequencer_Modes='default'
2026-01-07 07:40:01.420 DEBUG [Launchkey_MK4_patched.__init__] Sequencer not in active condition -> disable keyboard
2026-01-07 07:40:01.420 DEBUG [Launchkey_MK4_patched.__init__] _update_sequencer completed
2026-01-07 07:40:01.420 DEBUG [Launchkey_MK4_patched.__init__] _update_sequencer completed
2026-01-07 07:40:01.721 DEBUG [Launchkey_MK4_patched.__init__] ENTER LaunchkeyCommonControlSurface.target_track_changed(_) -> _update_sequencer()
2026-01-07 07:40:01.721 DEBUG [Launchkey_MK4_patched.__init__] ENTER LaunchkeyCommonControlSurface._update_sequencer(_=())
2026-01-07 07:40:01.721 DEBUG [Launchkey_MK4_patched.__init__] Mode state: Main_Pad_Modes='daw' Daw_Pad_Modes='clip' Sequencer_Modes='default'
2026-01-07 07:40:01.721 DEBUG [Launchkey_MK4_patched.__init__] Sequencer not in active condition -> disable keyboard
2026-01-07 07:40:01.721 DEBUG [Launchkey_MK4_patched.__init__] _update_sequencer completed
2026-01-07 07:40:01.721 DEBUG [Launchkey_MK4_patched.__init__] _update_sequencer completed
2026-01-07 07:40:02.070 DEBUG [Launchkey_MK4_patched.__init__] ENTER LaunchkeyCommonControlSurface.target_track_changed(_) -> _update_sequencer()
2026-01-07 07:40:02.070 DEBUG [Launchkey_MK4_patched.__init__] ENTER LaunchkeyCommonControlSurface._update_sequencer(_=())
2026-01-07 07:40:02.070 DEBUG [Launchkey_MK4_patched.__init__] Mode state: Main_Pad_Modes='daw' Daw_Pad_Modes='clip' Sequencer_Modes='default'
2026-01-07 07:40:02.070 DEBUG [Launchkey_MK4_patched.__init__] Sequencer not in active condition -> disable keyboard
2026-01-07 07:40:02.070 DEBUG [Launchkey_MK4_patched.__init__] _update_sequencer completed
2026-01-07 07:40:02.070 DEBUG [Launchkey_MK4_patched.__init__] _update_sequencer completed
2026-01-07 07:40:02.419 DEBUG [Launchkey_MK4_patched.__init__] ENTER LaunchkeyCommonControlSurface.target_track_changed(_) -> _update_sequencer()
2026-01-07 07:40:02.419 DEBUG [Launchkey_MK4_patched.__init__] ENTER LaunchkeyCommonControlSurface._update_sequencer(_=())
2026-01-07 07:40:02.419 DEBUG [Launchkey_MK4_patched.__init__] Mode state: Main_Pad_Modes='daw' Daw_Pad_Modes='clip' Sequencer_Modes='default'
2026-01-07 07:40:02.419 DEBUG [Launchkey_MK4_patched.__init__] Sequencer not in active condition -> disable keyboard
2026-01-07 07:40:02.419 DEBUG [Launchkey_MK4_patched.__init__] _update_sequencer completed
2026-01-07 07:40:02.419 DEBUG [Launchkey_MK4_patched.__init__] _update_sequencer completed
2026-01-07 07:40:02.667 DEBUG [Launchkey_MK4_patched.__init__] ENTER LaunchkeyCommonControlSurface.target_track_changed(_) -> _update_sequencer()
2026-01-07 07:40:02.668 DEBUG [Launchkey_MK4_patched.__init__] ENTER LaunchkeyCommonControlSurface._update_sequencer(_=())
2026-01-07 07:40:02.668 DEBUG [Launchkey_MK4_patched.__init__] Mode state: Main_Pad_Modes='daw' Daw_Pad_Modes='clip' Sequencer_Modes='default'
2026-01-07 07:40:02.668 DEBUG [Launchkey_MK4_patched.__init__] Sequencer not in active condition -> disable keyboard
2026-01-07 07:40:02.668 DEBUG [Launchkey_MK4_patched.__init__] _update_sequencer completed
2026-01-07 07:40:02.668 DEBUG [Launchkey_MK4_patched.__init__] _update_sequencer completed
2026-01-07 07:40:02.882 DEBUG [Launchkey_MK4_patched.__init__] ENTER LaunchkeyCommonControlSurface.target_track_changed(_) -> _update_sequencer()
2026-01-07 07:40:02.882 DEBUG [Launchkey_MK4_patched.__init__] ENTER LaunchkeyCommonControlSurface._update_sequencer(_=())
2026-01-07 07:40:02.882 DEBUG [Launchkey_MK4_patched.__init__] Mode state: Main_Pad_Modes='daw' Daw_Pad_Modes='clip' Sequencer_Modes='default'
2026-01-07 07:40:02.882 DEBUG [Launchkey_MK4_patched.__init__] Sequencer not in active condition -> disable keyboard
2026-01-07 07:40:02.882 DEBUG [Launchkey_MK4_patched.__init__] _update_sequencer completed
2026-01-07 07:40:02.882 DEBUG [Launchkey_MK4_patched.__init__] _update_sequencer completed
2026-01-07 07:40:14.431 DEBUG [Launchkey_MK4_patched.__init__] ENTER LaunchkeyCommonControlSurface._update_sequencer(_=('default',))
2026-01-07 07:40:14.431 DEBUG [Launchkey_MK4_patched.__init__] Mode state: Main_Pad_Modes='daw' Daw_Pad_Modes='sequencer' Sequencer_Modes='default'
2026-01-07 07:40:14.431 DEBUG [Launchkey_MK4_patched.__init__] Sequencer active condition met -> computing pitch_provider
2026-01-07 07:40:14.431 DEBUG [Launchkey_MK4_patched.__init__] ENTER pitch_provider_for_track(track=<Track.Track object at 0x000000004A6C6840>, instrument_finder=<ableton.v3.control_surface.instrument_finder.InstrumentFinderComponent object at 0x000000004A56A210>)
2026-01-07 07:40:14.432 DEBUG [Launchkey_MK4_patched.__init__] Track valid and has MIDI input
2026-01-07 07:40:14.432 DEBUG [Launchkey_MK4_patched.__init__] No drum_group -> RETURN 'Keyboard'
2026-01-07 07:40:14.432 DEBUG [Launchkey_MK4_patched.__init__] pitch_provider='Keyboard'
2026-01-07 07:40:14.432 DEBUG [Launchkey_MK4_patched.__init__] provider_component resolved: <Launchkey_MK4_patched.keyboard.KeyboardComponent object at 0x000000004A4E8B50>
2026-01-07 07:40:14.432 DEBUG [Launchkey_MK4_patched.__init__] Setting Step_Sequence pitch provider
2026-01-07 07:40:14.432 DEBUG [Launchkey_MK4_patched.__init__] Sending enable_keyboard_message(enable=True)
2026-01-07 07:40:14.432 DEBUG [Launchkey_MK4_patched.__init__] _update_sequencer completed
2026-01-07 07:40:14.433 DEBUG [Launchkey_MK4_patched.__init__] ENTER LaunchkeyCommonControlSurface._update_sequencer(_=('sequencer',))
2026-01-07 07:40:14.433 DEBUG [Launchkey_MK4_patched.__init__] Mode state: Main_Pad_Modes='daw' Daw_Pad_Modes='sequencer' Sequencer_Modes='default'
2026-01-07 07:40:14.433 DEBUG [Launchkey_MK4_patched.__init__] Sequencer active condition met -> computing pitch_provider
2026-01-07 07:40:14.433 DEBUG [Launchkey_MK4_patched.__init__] ENTER pitch_provider_for_track(track=<Track.Track object at 0x000000004A6C6840>, instrument_finder=<ableton.v3.control_surface.instrument_finder.InstrumentFinderComponent object at 0x000000004A56A210>)
2026-01-07 07:40:14.433 DEBUG [Launchkey_MK4_patched.__init__] Track valid and has MIDI input
2026-01-07 07:40:14.433 DEBUG [Launchkey_MK4_patched.__init__] No drum_group -> RETURN 'Keyboard'
2026-01-07 07:40:14.433 DEBUG [Launchkey_MK4_patched.__init__] pitch_provider='Keyboard'
2026-01-07 07:40:14.433 DEBUG [Launchkey_MK4_patched.__init__] provider_component resolved: <Launchkey_MK4_patched.keyboard.KeyboardComponent object at 0x000000004A4E8B50>
2026-01-07 07:40:14.433 DEBUG [Launchkey_MK4_patched.__init__] Setting Step_Sequence pitch provider
2026-01-07 07:40:14.433 DEBUG [Launchkey_MK4_patched.__init__] Sending enable_keyboard_message(enable=True)
2026-01-07 07:40:14.433 DEBUG [Launchkey_MK4_patched.__init__] _update_sequencer completed
2026-01-07 07:40:26.533 DEBUG [Launchkey_MK4_patched.__init__] ENTER LaunchkeyCommonControlSurface.drum_group_changed(_) -> _update_sequencer()
2026-01-07 07:40:26.534 DEBUG [Launchkey_MK4_patched.__init__] ENTER LaunchkeyCommonControlSurface._update_sequencer(_=())
2026-01-07 07:40:26.534 DEBUG [Launchkey_MK4_patched.__init__] Mode state: Main_Pad_Modes='daw' Daw_Pad_Modes='sequencer' Sequencer_Modes='default'
2026-01-07 07:40:26.534 DEBUG [Launchkey_MK4_patched.__init__] Sequencer active condition met -> computing pitch_provider
2026-01-07 07:40:26.534 DEBUG [Launchkey_MK4_patched.__init__] ENTER pitch_provider_for_track(track=<Track.Track object at 0x000000004A6C6840>, instrument_finder=<ableton.v3.control_surface.instrument_finder.InstrumentFinderComponent object at 0x000000004A56A210>)
2026-01-07 07:40:26.534 DEBUG [Launchkey_MK4_patched.__init__] Track valid and has MIDI input
2026-01-07 07:40:26.534 DEBUG [Launchkey_MK4_patched.__init__] No drum_group -> RETURN 'Keyboard'
2026-01-07 07:40:26.534 DEBUG [Launchkey_MK4_patched.__init__] pitch_provider='Keyboard'
2026-01-07 07:40:26.534 DEBUG [Launchkey_MK4_patched.__init__] provider_component resolved: <Launchkey_MK4_patched.keyboard.KeyboardComponent object at 0x000000004A4E8B50>
2026-01-07 07:40:26.534 DEBUG [Launchkey_MK4_patched.__init__] Setting Step_Sequence pitch provider
2026-01-07 07:40:26.534 DEBUG [Launchkey_MK4_patched.__init__] Sending enable_keyboard_message(enable=True)
2026-01-07 07:40:26.534 DEBUG [Launchkey_MK4_patched.__init__] _update_sequencer completed
2026-01-07 07:40:26.534 DEBUG [Launchkey_MK4_patched.__init__] _update_sequencer completed
2026-01-07 07:40:33.292 DEBUG [Launchkey_MK4_patched.__init__] ENTER LaunchkeyCommonControlSurface.drum_group_changed(_) -> _update_sequencer()
2026-01-07 07:40:33.293 DEBUG [Launchkey_MK4_patched.__init__] ENTER LaunchkeyCommonControlSurface._update_sequencer(_=())
2026-01-07 07:40:33.293 DEBUG [Launchkey_MK4_patched.__init__] Mode state: Main_Pad_Modes='daw' Daw_Pad_Modes='sequencer' Sequencer_Modes='default'
2026-01-07 07:40:33.293 DEBUG [Launchkey_MK4_patched.__init__] Sequencer active condition met -> computing pitch_provider
2026-01-07 07:40:33.293 DEBUG [Launchkey_MK4_patched.__init__] ENTER pitch_provider_for_track(track=<Track.Track object at 0x000000004A6C6840>, instrument_finder=<ableton.v3.control_surface.instrument_finder.InstrumentFinderComponent object at 0x000000004A56A210>)
2026-01-07 07:40:33.293 DEBUG [Launchkey_MK4_patched.__init__] Track valid and has MIDI input
2026-01-07 07:40:33.293 DEBUG [Launchkey_MK4_patched.__init__] No drum_group -> RETURN 'Keyboard'
2026-01-07 07:40:33.293 DEBUG [Launchkey_MK4_patched.__init__] pitch_provider='Keyboard'
2026-01-07 07:40:33.293 DEBUG [Launchkey_MK4_patched.__init__] provider_component resolved: <Launchkey_MK4_patched.keyboard.KeyboardComponent object at 0x000000004A4E8B50>
2026-01-07 07:40:33.293 DEBUG [Launchkey_MK4_patched.__init__] Setting Step_Sequence pitch provider
2026-01-07 07:40:33.293 DEBUG [Launchkey_MK4_patched.__init__] Sending enable_keyboard_message(enable=True)
2026-01-07 07:40:33.294 DEBUG [Launchkey_MK4_patched.__init__] _update_sequencer completed
2026-01-07 07:40:33.294 DEBUG [Launchkey_MK4_patched.__init__] _update_sequencer completed
2026-01-07 07:40:45.463 DEBUG [Launchkey_MK4_patched.__init__] ENTER LaunchkeyCommonControlSurface.drum_group_changed(_) -> _update_sequencer()
2026-01-07 07:40:45.463 DEBUG [Launchkey_MK4_patched.__init__] ENTER LaunchkeyCommonControlSurface._update_sequencer(_=())
2026-01-07 07:40:45.463 DEBUG [Launchkey_MK4_patched.__init__] Mode state: Main_Pad_Modes='daw' Daw_Pad_Modes='sequencer' Sequencer_Modes='default'
2026-01-07 07:40:45.464 DEBUG [Launchkey_MK4_patched.__init__] Sequencer active condition met -> computing pitch_provider
2026-01-07 07:40:45.464 DEBUG [Launchkey_MK4_patched.__init__] ENTER pitch_provider_for_track(track=<Track.Track object at 0x000000004A6C6840>, instrument_finder=<ableton.v3.control_surface.instrument_finder.InstrumentFinderComponent object at 0x000000004A56A210>)
2026-01-07 07:40:45.464 DEBUG [Launchkey_MK4_patched.__init__] Track valid and has MIDI input
2026-01-07 07:40:45.464 DEBUG [Launchkey_MK4_patched.__init__] instrument_finder.drum_group valid -> RETURN 'Drum_Group'
2026-01-07 07:40:45.464 DEBUG [Launchkey_MK4_patched.__init__] pitch_provider='Drum_Group'
2026-01-07 07:40:45.464 DEBUG [Launchkey_MK4_patched.__init__] provider_component resolved: <Launchkey_MK4_patched.drum_group.DrumGroupComponent object at 0x000000004A569750>
2026-01-07 07:40:45.464 DEBUG [Launchkey_MK4_patched.__init__] Setting Step_Sequence pitch provider
2026-01-07 07:40:45.464 DEBUG [Launchkey_MK4_patched.__init__] Sending enable_keyboard_message(enable=False)
2026-01-07 07:40:45.464 DEBUG [Launchkey_MK4_patched.__init__] _update_sequencer completed
2026-01-07 07:40:45.465 DEBUG [Launchkey_MK4_patched.__init__] _update_sequencer completed
2026-01-07 07:41:29.971 DEBUG [Launchkey_MK4_patched.__init__] ENTER LaunchkeyCommonControlSurface._update_sequencer(_=(None,))
2026-01-07 07:41:29.971 DEBUG [Launchkey_MK4_patched.__init__] Mode state: Main_Pad_Modes='daw' Daw_Pad_Modes='sequencer' Sequencer_Modes='default'
2026-01-07 07:41:29.972 DEBUG [Launchkey_MK4_patched.__init__] Sequencer active condition met -> computing pitch_provider
2026-01-07 07:41:29.972 DEBUG [Launchkey_MK4_patched.__init__] ENTER pitch_provider_for_track(track=None, instrument_finder=<ableton.v3.control_surface.instrument_finder.InstrumentFinderComponent object at 0x000000004A56A210>)
2026-01-07 07:41:29.972 DEBUG [Launchkey_MK4_patched.__init__] Track invalid or no MIDI input -> RETURN None
2026-01-07 07:41:29.972 DEBUG [Launchkey_MK4_patched.__init__] pitch_provider=None
2026-01-07 07:41:29.972 DEBUG [Launchkey_MK4_patched.__init__] provider_component resolved: None
2026-01-07 07:41:29.972 DEBUG [Launchkey_MK4_patched.__init__] Setting Step_Sequence pitch provider
2026-01-07 07:41:29.972 DEBUG [Launchkey_MK4_patched.__init__] Sending enable_keyboard_message(enable=False)
2026-01-07 07:41:29.972 DEBUG [Launchkey_MK4_patched.__init__] _update_sequencer completed
2026-01-07 07:41:29.972 DEBUG [Launchkey_MK4_patched.__init__] ENTER LaunchkeyCommonControlSurface._update_sequencer(_=(None,))
2026-01-07 07:41:29.972 DEBUG [Launchkey_MK4_patched.__init__] Mode state: Main_Pad_Modes='daw' Daw_Pad_Modes='clip' Sequencer_Modes='default'
2026-01-07 07:41:29.972 DEBUG [Launchkey_MK4_patched.__init__] Sequencer not in active condition -> disable keyboard
2026-01-07 07:41:29.973 DEBUG [Launchkey_MK4_patched.__init__] _update_sequencer completed
2026-01-07 07:41:29.973 DEBUG [Launchkey_MK4_patched.__init__] ENTER __on_main_pad_mode_changed(selected_mode=None)
2026-01-07 07:41:29.973 DEBUG [Launchkey_MK4_patched.__init__] set_can_update_controlled_track(False)
2026-01-07 07:41:29.973 DEBUG [Launchkey_MK4_patched.__init__] Calling _update_sequencer() due to main pad mode change
2026-01-07 07:41:29.974 DEBUG [Launchkey_MK4_patched.__init__] ENTER LaunchkeyCommonControlSurface._update_sequencer(_=())
2026-01-07 07:41:29.974 DEBUG [Launchkey_MK4_patched.__init__] Mode state: Main_Pad_Modes='daw' Daw_Pad_Modes='clip' Sequencer_Modes='default'
2026-01-07 07:41:29.974 DEBUG [Launchkey_MK4_patched.__init__] Sequencer not in active condition -> disable keyboard
2026-01-07 07:41:29.974 DEBUG [Launchkey_MK4_patched.__init__] _update_sequencer completed
2026-01-07 07:41:29.974 DEBUG [Launchkey_MK4_patched.__init__] __on_main_pad_mode_changed completed
2026-01-07 07:45:48.216 DEBUG [Launchkey_MK4_patched] Logger initialized. Log path: C:\ProgramData\Ableton\Live 12 Suite\Resources\MIDI Remote Scripts\Launchkey_MK4_patched\launchkey_mk4_init.log
2026-01-07 07:45:48.218 DEBUG [Launchkey_MK4_patched.__init__] Logger initialized. Log path: C:\ProgramData\Ableton\Live 12 Suite\Resources\MIDI Remote Scripts\Launchkey_MK4_patched\launchkey_mk4_init.log
2026-01-07 07:45:48.226 DEBUG [Launchkey_MK4_patched] ENTER get_capabilities()
2026-01-07 07:45:48.226 DEBUG [Launchkey_MK4_patched] RETURN get_capabilities(): {'controller_id': {'vendor_id': 4661, 'product_ids': [323, 324, 325, 326], 'model_names': ['Launchkey MK4 25 patched', 'Launchkey MK4 37 patched', 'Launchkey MK4 49 patched', 'Launchkey MK4 61 patched']}, 'ports': [{'direction': 'in', 'name': '', 'props': ['notes_cc']}, {'direction': 'in', 'name': '', 'props': ['notes_cc', 'script']}, {'direction': 'out', 'name': '', 'props': []}, {'direction': 'out', 'name': '', 'props': ['notes_cc', 'sync', 'script']}], 'auto_load': True}
2026-01-07 07:45:49.204 DEBUG [Launchkey_MK4_patched] ENTER get_capabilities()
2026-01-07 07:45:49.204 DEBUG [Launchkey_MK4_patched] RETURN get_capabilities(): {'controller_id': {'vendor_id': 4661, 'product_ids': [323, 324, 325, 326], 'model_names': ['Launchkey MK4 25 patched', 'Launchkey MK4 37 patched', 'Launchkey MK4 49 patched', 'Launchkey MK4 61 patched']}, 'ports': [{'direction': 'in', 'name': '', 'props': ['notes_cc']}, {'direction': 'in', 'name': '', 'props': ['notes_cc', 'script']}, {'direction': 'out', 'name': '', 'props': []}, {'direction': 'out', 'name': '', 'props': ['notes_cc', 'sync', 'script']}], 'auto_load': True}
2026-01-07 07:45:49.263 DEBUG [Launchkey_MK4_patched] ENTER get_capabilities()
2026-01-07 07:45:49.263 DEBUG [Launchkey_MK4_patched] RETURN get_capabilities(): {'controller_id': {'vendor_id': 4661, 'product_ids': [323, 324, 325, 326], 'model_names': ['Launchkey MK4 25 patched', 'Launchkey MK4 37 patched', 'Launchkey MK4 49 patched', 'Launchkey MK4 61 patched']}, 'ports': [{'direction': 'in', 'name': '', 'props': ['notes_cc']}, {'direction': 'in', 'name': '', 'props': ['notes_cc', 'script']}, {'direction': 'out', 'name': '', 'props': []}, {'direction': 'out', 'name': '', 'props': ['notes_cc', 'sync', 'script']}], 'auto_load': True}
2026-01-07 07:45:51.439 DEBUG [Launchkey_MK4_patched.__init__] ENTER create_launchkey_specification(elements_type=<class 'Launchkey_Mini_MK4_patched.elements.Elements'>, create_mappings_function=<function create_mappings at 0x0000000023EE8B80>, sysex_header=(240, 0, 32, 41, 2, 19))
2026-01-07 07:45:51.439 DEBUG [Launchkey_MK4_patched.__init__] Building elements_type partial(elements_type, sysex_header)
2026-01-07 07:45:51.439 DEBUG [Launchkey_MK4_patched.__init__] Creating skin via create_skin(skin=Skin, colors=Rgb)
2026-01-07 07:45:51.440 DEBUG [Launchkey_MK4_patched.__init__] Building hello_messages/goodbye_messages
2026-01-07 07:45:51.440 DEBUG [Launchkey_MK4_patched.__init__] Building component_map
2026-01-07 07:45:51.440 DEBUG [Launchkey_MK4_patched.__init__] Creating ControlSurfaceSpecification(...)
2026-01-07 07:45:51.440 DEBUG [Launchkey_MK4_patched.__init__] RETURN create_launchkey_specification(): ControlSurfaceSpecification(elements_type=functools.partial(<class 'Launchkey_Mini_MK4_patched.elements.Elements'>, (240, 0, 32, 41, 2, 19)), control_surface_skin=<ableton.v3.control_surface.skin.Skin object at 0x000000002478A1D0>, num_tracks=8, num_scenes=2, include_auto_arming=True, link_session_ring_to_track_selection=True, feedback_channels=[15], playing_feedback_velocity=3, recording_feedback_velocity=5, identity_response_id_bytes=(0, 32, 41, -1, 1, 0, 1), sysex_header=(240, 0, 32, 41, 2, 19), hello_messages=((240, 0, 32, 41, 2, 19, 2, 127, 247), (182, 71, 127), (182, 84, 127)), goodbye_messages=((240, 0, 32, 41, 2, 19, 2, 0, 247), (182, 84, 0), (182, 76, 127)), create_mappings_function=<function create_mappings at 0x0000000023EE8B80>, auto_arm_component_type=<class 'Launchkey_MK4_patched.auto_arm.AutoArmComponent'>, component_map={'Cue_Point': <class 'Launchkey_MK4_patched.cue_point.CuePointComponent'>, 'Drum_Group': <class 'Launchkey_MK4_patched.drum_group.DrumGroupComponent'>, 'Encoder_Touch': <class 'Launchkey_MK4_patched.encoder_touch.EncoderTouchComponent'>, 'Keyboard': <class 'Launchkey_MK4_patched.keyboard.KeyboardComponent'>, 'Scale': <class 'Launchkey_MK4_patched.scale.ScaleComponent'>, 'Session': <class 'Launchkey_MK4_patched.session.SessionComponent'>, 'Session_Navigation': <class 'Launchkey_MK4_patched.session_navigation.SessionNavigationComponent'>, 'Step_Sequence': <class 'Launchkey_MK4_patched.step_sequence.StepSequenceComponent'>, 'Transport': <class 'Launchkey_MK4_patched.transport.TransportComponent'>, 'Volume_Mixer': functools.partial(<class 'ableton.v3.control_surface.components.mixer.MixerComponent'>, name='Volume_Mixer'), 'Zoom': <class 'Launchkey_MK4_patched.zoom.ZoomComponent'>}, display_specification=<ableton.v3.control_surface.display.display_specification.DisplaySpecification object at 0x0000000023E9B110>)
2026-01-07 07:45:51.440 DEBUG [Launchkey_MK4_patched.__init__] ENTER LaunchkeyCommonControlSurface.__init__(a=(), k={'specification': ControlSurfaceSpecification(elements_type=functools.partial(<class 'Launchkey_Mini_MK4_patched.elements.Elements'>, (240, 0, 32, 41, 2, 19)), control_surface_skin=<ableton.v3.control_surface.skin.Skin object at 0x000000002478A1D0>, num_tracks=8, num_scenes=2, include_auto_arming=True, link_session_ring_to_track_selection=True, feedback_channels=[15], playing_feedback_velocity=3, recording_feedback_velocity=5, identity_response_id_bytes=(0, 32, 41, -1, 1, 0, 1), sysex_header=(240, 0, 32, 41, 2, 19), hello_messages=((240, 0, 32, 41, 2, 19, 2, 127, 247), (182, 71, 127), (182, 84, 127)), goodbye_messages=((240, 0, 32, 41, 2, 19, 2, 0, 247), (182, 84, 0), (182, 76, 127)), create_mappings_function=<function create_mappings at 0x0000000023EE8B80>, auto_arm_component_type=<class 'Launchkey_MK4_patched.auto_arm.AutoArmComponent'>, component_map={'Cue_Point': <class 'Launchkey_MK4_patched.cue_point.CuePointComponent'>, 'Drum_Group': <class 'Launchkey_MK4_patched.drum_group.DrumGroupComponent'>, 'Encoder_Touch': <class 'Launchkey_MK4_patched.encoder_touch.EncoderTouchComponent'>, 'Keyboard': <class 'Launchkey_MK4_patched.keyboard.KeyboardComponent'>, 'Scale': <class 'Launchkey_MK4_patched.scale.ScaleComponent'>, 'Session': <class 'Launchkey_MK4_patched.session.SessionComponent'>, 'Session_Navigation': <class 'Launchkey_MK4_patched.session_navigation.SessionNavigationComponent'>, 'Step_Sequence': <class 'Launchkey_MK4_patched.step_sequence.StepSequenceComponent'>, 'Transport': <class 'Launchkey_MK4_patched.transport.TransportComponent'>, 'Volume_Mixer': functools.partial(<class 'ableton.v3.control_surface.components.mixer.MixerComponent'>, name='Volume_Mixer'), 'Zoom': <class 'Launchkey_MK4_patched.zoom.ZoomComponent'>}, display_specification=<ableton.v3.control_surface.display.display_specification.DisplaySpecification object at 0x0000000023E9B110>), 'c_instance': <MidiRemoteScript.MidiRemoteScript object at 0x00000000247031C0>})
2026-01-07 07:45:51.454 DEBUG [Launchkey_MK4_patched.__init__] ENTER LaunchkeyCommonControlSurface._should_include_element_in_background(element=<ableton.v3.control_surface.elements.button.ButtonElement object at 0x000000002478B090>)
2026-01-07 07:45:51.454 DEBUG [Launchkey_MK4_patched.__init__] RETURN _should_include_element_in_background: True (element.name='Pad_Function_Button')
2026-01-07 07:45:51.454 DEBUG [Launchkey_MK4_patched.__init__] ENTER LaunchkeyCommonControlSurface._should_include_element_in_background(element=<Launchkey_MK4_patched.multi_button.SecondaryButtonElement object at 0x000000002478B190>)
2026-01-07 07:45:51.454 DEBUG [Launchkey_MK4_patched.__init__] RETURN _should_include_element_in_background: True (element.name='Pad_Mode_Element')
2026-01-07 07:45:51.454 DEBUG [Launchkey_MK4_patched.__init__] ENTER LaunchkeyCommonControlSurface._should_include_element_in_background(element=<Launchkey_MK4_patched.multi_button.MultiButtonElement object at 0x000000002463A650>)
2026-01-07 07:45:51.454 DEBUG [Launchkey_MK4_patched.__init__] RETURN _should_include_element_in_background: True (element.name='Pad_Mode_Element')
2026-01-07 07:45:51.454 DEBUG [Launchkey_MK4_patched.__init__] ENTER LaunchkeyCommonControlSurface._should_include_element_in_background(element=<Launchkey_MK4_patched.multi_button.SecondaryButtonElement object at 0x000000002478B250>)
2026-01-07 07:45:51.454 DEBUG [Launchkey_MK4_patched.__init__] RETURN _should_include_element_in_background: True (element.name='Encoder_Mode_Element')
2026-01-07 07:45:51.454 DEBUG [Launchkey_MK4_patched.__init__] ENTER LaunchkeyCommonControlSurface._should_include_element_in_background(element=<Launchkey_MK4_patched.multi_button.MultiButtonElement object at 0x00000000240EE890>)
2026-01-07 07:45:51.454 DEBUG [Launchkey_MK4_patched.__init__] RETURN _should_include_element_in_background: True (element.name='Encoder_Mode_Element')
2026-01-07 07:45:51.454 DEBUG [Launchkey_MK4_patched.__init__] ENTER LaunchkeyCommonControlSurface._should_include_element_in_background(element=<Launchkey_MK4_patched.multi_button.SecondaryButtonElement object at 0x000000002479C890>)
2026-01-07 07:45:51.454 DEBUG [Launchkey_MK4_patched.__init__] RETURN _should_include_element_in_background: True (element.name='Scale_Behavior_Element')
2026-01-07 07:45:51.454 DEBUG [Launchkey_MK4_patched.__init__] ENTER LaunchkeyCommonControlSurface._should_include_element_in_background(element=<Launchkey_MK4_patched.multi_button.MultiButtonElement object at 0x00000000247824D0>)
2026-01-07 07:45:51.455 DEBUG [Launchkey_MK4_patched.__init__] RETURN _should_include_element_in_background: True (element.name='Scale_Behavior_Element')
2026-01-07 07:45:51.455 DEBUG [Launchkey_MK4_patched.__init__] ENTER LaunchkeyCommonControlSurface._should_include_element_in_background(element=<Launchkey_MK4_patched.multi_button.SecondaryButtonElement object at 0x000000002479D450>)
2026-01-07 07:45:51.455 DEBUG [Launchkey_MK4_patched.__init__] RETURN _should_include_element_in_background: True (element.name='Root_Note_Element')
2026-01-07 07:45:51.455 DEBUG [Launchkey_MK4_patched.__init__] ENTER LaunchkeyCommonControlSurface._should_include_element_in_background(element=<Launchkey_MK4_patched.multi_button.MultiButtonElement object at 0x000000002479CED0>)
2026-01-07 07:45:51.455 DEBUG [Launchkey_MK4_patched.__init__] RETURN _should_include_element_in_background: True (element.name='Root_Note_Element')
2026-01-07 07:45:51.455 DEBUG [Launchkey_MK4_patched.__init__] ENTER LaunchkeyCommonControlSurface._should_include_element_in_background(element=<Launchkey_MK4_patched.multi_button.SecondaryButtonElement object at 0x000000002478ABD0>)
2026-01-07 07:45:51.455 DEBUG [Launchkey_MK4_patched.__init__] RETURN _should_include_element_in_background: True (element.name='Scale_Type_Element')
2026-01-07 07:45:51.455 DEBUG [Launchkey_MK4_patched.__init__] ENTER LaunchkeyCommonControlSurface._should_include_element_in_background(element=<Launchkey_MK4_patched.multi_button.MultiButtonElement object at 0x000000002478AB90>)
2026-01-07 07:45:51.455 DEBUG [Launchkey_MK4_patched.__init__] RETURN _should_include_element_in_background: True (element.name='Scale_Type_Element')
2026-01-07 07:45:51.455 DEBUG [Launchkey_MK4_patched.__init__] ENTER LaunchkeyCommonControlSurface._should_include_element_in_background(element=<Launchkey_MK4_patched.multi_button.SecondaryButtonElement object at 0x000000002479E0D0>)
2026-01-07 07:45:51.455 DEBUG [Launchkey_MK4_patched.__init__] RETURN _should_include_element_in_background: True (element.name='Shift_Button')
2026-01-07 07:45:51.455 DEBUG [Launchkey_MK4_patched.__init__] ENTER LaunchkeyCommonControlSurface._should_include_element_in_background(element=<Launchkey_MK4_patched.multi_button.MultiButtonElement object at 0x000000002479E090>)
2026-01-07 07:45:51.455 DEBUG [Launchkey_MK4_patched.__init__] RETURN _should_include_element_in_background: True (element.name='Shift_Button')
2026-01-07 07:45:51.455 DEBUG [Launchkey_MK4_patched.__init__] ENTER LaunchkeyCommonControlSurface._should_include_element_in_background(element=<ableton.v3.control_surface.elements.button.ButtonElement object at 0x000000002478B110>)
2026-01-07 07:45:51.455 DEBUG [Launchkey_MK4_patched.__init__] RETURN _should_include_element_in_background: True (element.name='Arp_Button')
2026-01-07 07:45:51.455 DEBUG [Launchkey_MK4_patched.__init__] ENTER LaunchkeyCommonControlSurface._should_include_element_in_background(element=<ableton.v3.control_surface.elements.button.ButtonElement object at 0x0000000024787350>)
2026-01-07 07:45:51.456 DEBUG [Launchkey_MK4_patched.__init__] RETURN _should_include_element_in_background: True (element.name='Scale_Button')
2026-01-07 07:45:51.456 DEBUG [Launchkey_MK4_patched.__init__] ENTER LaunchkeyCommonControlSurface._should_include_element_in_background(element=<ableton.v3.control_surface.elements.button.ButtonElement object at 0x000000002479F210>)
2026-01-07 07:45:51.456 DEBUG [Launchkey_MK4_patched.__init__] RETURN _should_include_element_in_background: True (element.name='Scene_Launch_Button')
2026-01-07 07:45:51.456 DEBUG [Launchkey_MK4_patched.__init__] ENTER LaunchkeyCommonControlSurface._should_include_element_in_background(element=<ableton.v3.control_surface.elements.button.ButtonElement object at 0x0000000024789090>)
2026-01-07 07:45:51.456 DEBUG [Launchkey_MK4_patched.__init__] RETURN _should_include_element_in_background: True (element.name='Encoder_Up_Button')
2026-01-07 07:45:51.456 DEBUG [Launchkey_MK4_patched.__init__] ENTER LaunchkeyCommonControlSurface._should_include_element_in_background(element=<ableton.v3.control_surface.elements.button.ButtonElement object at 0x000000002478BB50>)
2026-01-07 07:45:51.456 DEBUG [Launchkey_MK4_patched.__init__] RETURN _should_include_element_in_background: True (element.name='Encoder_Down_Button')
2026-01-07 07:45:51.456 DEBUG [Launchkey_MK4_patched.__init__] ENTER LaunchkeyCommonControlSurface._should_include_element_in_background(element=<ableton.v3.control_surface.elements.button.ButtonElement object at 0x000000002479DBD0>)
2026-01-07 07:45:51.456 DEBUG [Launchkey_MK4_patched.__init__] RETURN _should_include_element_in_background: True (element.name='Pad_Up_Button')
2026-01-07 07:45:51.456 DEBUG [Launchkey_MK4_patched.__init__] ENTER LaunchkeyCommonControlSurface._should_include_element_in_background(element=<ableton.v3.control_surface.elements.button.ButtonElement object at 0x0000000024783450>)
2026-01-07 07:45:51.456 DEBUG [Launchkey_MK4_patched.__init__] RETURN _should_include_element_in_background: True (element.name='Pad_Down_Button')
2026-01-07 07:45:51.457 DEBUG [Launchkey_MK4_patched.__init__] ENTER LaunchkeyCommonControlSurface._should_include_element_in_background(element=<ableton.v3.control_surface.elements.button.ButtonElement object at 0x00000000242D90D0>)
2026-01-07 07:45:51.457 DEBUG [Launchkey_MK4_patched.__init__] RETURN _should_include_element_in_background: True (element.name='Play_Button')
2026-01-07 07:45:51.457 DEBUG [Launchkey_MK4_patched.__init__] ENTER LaunchkeyCommonControlSurface._should_include_element_in_background(element=<ableton.v3.control_surface.elements.button.ButtonElement object at 0x0000000024787050>)
2026-01-07 07:45:51.457 DEBUG [Launchkey_MK4_patched.__init__] RETURN _should_include_element_in_background: True (element.name='Record_Button')
2026-01-07 07:45:51.457 DEBUG [Launchkey_MK4_patched.__init__] ENTER LaunchkeyCommonControlSurface._should_include_element_in_background(element=<ableton.v3.control_surface.elements.button.ButtonElement object at 0x00000000247A22D0>)
2026-01-07 07:45:51.457 DEBUG [Launchkey_MK4_patched.__init__] RETURN _should_include_element_in_background: True (element.name='0_Drum_Pad_0')
2026-01-07 07:45:51.457 DEBUG [Launchkey_MK4_patched.__init__] ENTER LaunchkeyCommonControlSurface._should_include_element_in_background(element=<ableton.v3.control_surface.elements.button.ButtonElement object at 0x000000002479FD90>)
2026-01-07 07:45:51.457 DEBUG [Launchkey_MK4_patched.__init__] RETURN _should_include_element_in_background: True (element.name='1_Drum_Pad_0')
2026-01-07 07:45:51.457 DEBUG [Launchkey_MK4_patched.__init__] ENTER LaunchkeyCommonControlSurface._should_include_element_in_background(element=<ableton.v3.control_surface.elements.button.ButtonElement object at 0x00000000247A1310>)
2026-01-07 07:45:51.457 DEBUG [Launchkey_MK4_patched.__init__] RETURN _should_include_element_in_background: True (element.name='2_Drum_Pad_0')
2026-01-07 07:45:51.457 DEBUG [Launchkey_MK4_patched.__init__] ENTER LaunchkeyCommonControlSurface._should_include_element_in_background(element=<ableton.v3.control_surface.elements.button.ButtonElement object at 0x00000000247A1490>)
2026-01-07 07:45:51.457 DEBUG [Launchkey_MK4_patched.__init__] RETURN _should_include_element_in_background: True (element.name='3_Drum_Pad_0')
2026-01-07 07:45:51.457 DEBUG [Launchkey_MK4_patched.__init__] ENTER LaunchkeyCommonControlSurface._should_include_element_in_background(element=<ableton.v3.control_surface.elements.button.ButtonElement object at 0x00000000247A2BD0>)
2026-01-07 07:45:51.457 DEBUG [Launchkey_MK4_patched.__init__] RETURN _should_include_element_in_background: True (element.name='0_Drum_Pad_1')
2026-01-07 07:45:51.457 DEBUG [Launchkey_MK4_patched.__init__] ENTER LaunchkeyCommonControlSurface._should_include_element_in_background(element=<ableton.v3.control_surface.elements.button.ButtonElement object at 0x00000000247A3350>)
2026-01-07 07:45:51.457 DEBUG [Launchkey_MK4_patched.__init__] RETURN _should_include_element_in_background: True (element.name='1_Drum_Pad_1')
2026-01-07 07:45:51.457 DEBUG [Launchkey_MK4_patched.__init__] ENTER LaunchkeyCommonControlSurface._should_include_element_in_background(element=<ableton.v3.control_surface.elements.button.ButtonElement object at 0x00000000247A37D0>)
2026-01-07 07:45:51.458 DEBUG [Launchkey_MK4_patched.__init__] RETURN _should_include_element_in_background: True (element.name='2_Drum_Pad_1')
2026-01-07 07:45:51.458 DEBUG [Launchkey_MK4_patched.__init__] ENTER LaunchkeyCommonControlSurface._should_include_element_in_background(element=<ableton.v3.control_surface.elements.button.ButtonElement object at 0x00000000247A3C90>)
2026-01-07 07:45:51.458 DEBUG [Launchkey_MK4_patched.__init__] RETURN _should_include_element_in_background: True (element.name='3_Drum_Pad_1')
2026-01-07 07:45:51.458 DEBUG [Launchkey_MK4_patched.__init__] ENTER LaunchkeyCommonControlSurface._should_include_element_in_background(element=<ableton.v3.control_surface.elements.button.ButtonElement object at 0x00000000247A0850>)
2026-01-07 07:45:51.458 DEBUG [Launchkey_MK4_patched.__init__] RETURN _should_include_element_in_background: True (element.name='0_Drum_Pad_2')
2026-01-07 07:45:51.458 DEBUG [Launchkey_MK4_patched.__init__] ENTER LaunchkeyCommonControlSurface._should_include_element_in_background(element=<ableton.v3.control_surface.elements.button.ButtonElement object at 0x00000000247A0190>)
2026-01-07 07:45:51.458 DEBUG [Launchkey_MK4_patched.__init__] RETURN _should_include_element_in_background: True (element.name='1_Drum_Pad_2')
2026-01-07 07:45:51.458 DEBUG [Launchkey_MK4_patched.__init__] ENTER LaunchkeyCommonControlSurface._should_include_element_in_background(element=<ableton.v3.control_surface.elements.button.ButtonElement object at 0x00000000247A3C10>)
2026-01-07 07:45:51.458 DEBUG [Launchkey_MK4_patched.__init__] RETURN _should_include_element_in_background: True (element.name='2_Drum_Pad_2')
2026-01-07 07:45:51.458 DEBUG [Launchkey_MK4_patched.__init__] ENTER LaunchkeyCommonControlSurface._should_include_element_in_background(element=<ableton.v3.control_surface.elements.button.ButtonElement object at 0x00000000247A1010>)
2026-01-07 07:45:51.458 DEBUG [Launchkey_MK4_patched.__init__] RETURN _should_include_element_in_background: True (element.name='3_Drum_Pad_2')
2026-01-07 07:45:51.458 DEBUG [Launchkey_MK4_patched.__init__] ENTER LaunchkeyCommonControlSurface._should_include_element_in_background(element=<ableton.v3.control_surface.elements.button.ButtonElement object at 0x00000000247A5290>)
2026-01-07 07:45:51.458 DEBUG [Launchkey_MK4_patched.__init__] RETURN _should_include_element_in_background: True (element.name='0_Drum_Pad_3')
2026-01-07 07:45:51.458 DEBUG [Launchkey_MK4_patched.__init__] ENTER LaunchkeyCommonControlSurface._should_include_element_in_background(element=<ableton.v3.control_surface.elements.button.ButtonElement object at 0x00000000247A5850>)
2026-01-07 07:45:51.458 DEBUG [Launchkey_MK4_patched.__init__] RETURN _should_include_element_in_background: True (element.name='1_Drum_Pad_3')
2026-01-07 07:45:51.458 DEBUG [Launchkey_MK4_patched.__init__] ENTER LaunchkeyCommonControlSurface._should_include_element_in_background(element=<ableton.v3.control_surface.elements.button.ButtonElement object at 0x00000000247A5CD0>)
2026-01-07 07:45:51.458 DEBUG [Launchkey_MK4_patched.__init__] RETURN _should_include_element_in_background: True (element.name='2_Drum_Pad_3')
2026-01-07 07:45:51.459 DEBUG [Launchkey_MK4_patched.__init__] ENTER LaunchkeyCommonControlSurface._should_include_element_in_background(element=<ableton.v3.control_surface.elements.button.ButtonElement object at 0x00000000247A6190>)
2026-01-07 07:45:51.459 DEBUG [Launchkey_MK4_patched.__init__] RETURN _should_include_element_in_background: True (element.name='3_Drum_Pad_3')
2026-01-07 07:45:51.459 DEBUG [Launchkey_MK4_patched.__init__] ENTER LaunchkeyCommonControlSurface._should_include_element_in_background(element=<ableton.v3.control_surface.elements.button.ButtonElement object at 0x00000000247A7510>)
2026-01-07 07:45:51.459 DEBUG [Launchkey_MK4_patched.__init__] RETURN _should_include_element_in_background: True (element.name='0_Main_Pad_0')
2026-01-07 07:45:51.459 DEBUG [Launchkey_MK4_patched.__init__] ENTER LaunchkeyCommonControlSurface._should_include_element_in_background(element=<ableton.v3.control_surface.elements.button.ButtonElement object at 0x00000000247A5C50>)
2026-01-07 07:45:51.459 DEBUG [Launchkey_MK4_patched.__init__] RETURN _should_include_element_in_background: True (element.name='1_Main_Pad_0')
2026-01-07 07:45:51.459 DEBUG [Launchkey_MK4_patched.__init__] ENTER LaunchkeyCommonControlSurface._should_include_element_in_background(element=<ableton.v3.control_surface.elements.button.ButtonElement object at 0x00000000247A7690>)
2026-01-07 07:45:51.459 DEBUG [Launchkey_MK4_patched.__init__] RETURN _should_include_element_in_background: True (element.name='2_Main_Pad_0')
2026-01-07 07:45:51.459 DEBUG [Launchkey_MK4_patched.__init__] ENTER LaunchkeyCommonControlSurface._should_include_element_in_background(element=<ableton.v3.control_surface.elements.button.ButtonElement object at 0x00000000247A6A10>)
2026-01-07 07:45:51.459 DEBUG [Launchkey_MK4_patched.__init__] RETURN _should_include_element_in_background: True (element.name='3_Main_Pad_0')
2026-01-07 07:45:51.459 DEBUG [Launchkey_MK4_patched.__init__] ENTER LaunchkeyCommonControlSurface._should_include_element_in_background(element=<ableton.v3.control_surface.elements.button.ButtonElement object at 0x00000000247A7F10>)
2026-01-07 07:45:51.459 DEBUG [Launchkey_MK4_patched.__init__] RETURN _should_include_element_in_background: True (element.name='4_Main_Pad_0')
2026-01-07 07:45:51.459 DEBUG [Launchkey_MK4_patched.__init__] ENTER LaunchkeyCommonControlSurface._should_include_element_in_background(element=<ableton.v3.control_surface.elements.button.ButtonElement object at 0x00000000247A7550>)
2026-01-07 07:45:51.459 DEBUG [Launchkey_MK4_patched.__init__] RETURN _should_include_element_in_background: True (element.name='5_Main_Pad_0')
2026-01-07 07:45:51.459 DEBUG [Launchkey_MK4_patched.__init__] ENTER LaunchkeyCommonControlSurface._should_include_element_in_background(element=<ableton.v3.control_surface.elements.button.ButtonElement object at 0x00000000247A6650>)
2026-01-07 07:45:51.459 DEBUG [Launchkey_MK4_patched.__init__] RETURN _should_include_element_in_background: True (element.name='6_Main_Pad_0')
2026-01-07 07:45:51.459 DEBUG [Launchkey_MK4_patched.__init__] ENTER LaunchkeyCommonControlSurface._should_include_element_in_background(element=<ableton.v3.control_surface.elements.button.ButtonElement object at 0x00000000247A6F50>)
2026-01-07 07:45:51.460 DEBUG [Launchkey_MK4_patched.__init__] RETURN _should_include_element_in_background: True (element.name='7_Main_Pad_0')
2026-01-07 07:45:51.460 DEBUG [Launchkey_MK4_patched.__init__] ENTER LaunchkeyCommonControlSurface._should_include_element_in_background(element=<ableton.v3.control_surface.elements.button.ButtonElement object at 0x00000000247AD090>)
2026-01-07 07:45:51.460 DEBUG [Launchkey_MK4_patched.__init__] RETURN _should_include_element_in_background: True (element.name='0_Main_Pad_1')
2026-01-07 07:45:51.460 DEBUG [Launchkey_MK4_patched.__init__] ENTER LaunchkeyCommonControlSurface._should_include_element_in_background(element=<ableton.v3.control_surface.elements.button.ButtonElement object at 0x00000000247AD510>)
2026-01-07 07:45:51.460 DEBUG [Launchkey_MK4_patched.__init__] RETURN _should_include_element_in_background: True (element.name='1_Main_Pad_1')
2026-01-07 07:45:51.460 DEBUG [Launchkey_MK4_patched.__init__] ENTER LaunchkeyCommonControlSurface._should_include_element_in_background(element=<ableton.v3.control_surface.elements.button.ButtonElement object at 0x00000000247ADAD0>)
2026-01-07 07:45:51.460 DEBUG [Launchkey_MK4_patched.__init__] RETURN _should_include_element_in_background: True (element.name='2_Main_Pad_1')
2026-01-07 07:45:51.460 DEBUG [Launchkey_MK4_patched.__init__] ENTER LaunchkeyCommonControlSurface._should_include_element_in_background(element=<ableton.v3.control_surface.elements.button.ButtonElement object at 0x00000000247ADF90>)
2026-01-07 07:45:51.460 DEBUG [Launchkey_MK4_patched.__init__] RETURN _should_include_element_in_background: True (element.name='3_Main_Pad_1')
2026-01-07 07:45:51.460 DEBUG [Launchkey_MK4_patched.__init__] ENTER LaunchkeyCommonControlSurface._should_include_element_in_background(element=<ableton.v3.control_surface.elements.button.ButtonElement object at 0x00000000247AE410>)
2026-01-07 07:45:51.460 DEBUG [Launchkey_MK4_patched.__init__] RETURN _should_include_element_in_background: True (element.name='4_Main_Pad_1')
2026-01-07 07:45:51.460 DEBUG [Launchkey_MK4_patched.__init__] ENTER LaunchkeyCommonControlSurface._should_include_element_in_background(element=<ableton.v3.control_surface.elements.button.ButtonElement object at 0x00000000247AC810>)
2026-01-07 07:45:51.460 DEBUG [Launchkey_MK4_patched.__init__] RETURN _should_include_element_in_background: True (element.name='5_Main_Pad_1')
2026-01-07 07:45:51.460 DEBUG [Launchkey_MK4_patched.__init__] ENTER LaunchkeyCommonControlSurface._should_include_element_in_background(element=<ableton.v3.control_surface.elements.button.ButtonElement object at 0x00000000247AED50>)
2026-01-07 07:45:51.460 DEBUG [Launchkey_MK4_patched.__init__] RETURN _should_include_element_in_background: True (element.name='6_Main_Pad_1')
2026-01-07 07:45:51.460 DEBUG [Launchkey_MK4_patched.__init__] ENTER LaunchkeyCommonControlSurface._should_include_element_in_background(element=<ableton.v3.control_surface.elements.button.ButtonElement object at 0x00000000247AF1D0>)
2026-01-07 07:45:51.460 DEBUG [Launchkey_MK4_patched.__init__] RETURN _should_include_element_in_background: True (element.name='7_Main_Pad_1')
2026-01-07 07:45:51.460 DEBUG [Launchkey_MK4_patched.__init__] ENTER LaunchkeyCommonControlSurface._should_include_element_in_background(element=<ableton.v3.control_surface.elements.button.ButtonElement object at 0x00000000247B0D10>)
2026-01-07 07:45:51.460 DEBUG [Launchkey_MK4_patched.__init__] RETURN _should_include_element_in_background: False (element.name='Keyboard_0')
2026-01-07 07:45:51.460 DEBUG [Launchkey_MK4_patched.__init__] ENTER LaunchkeyCommonControlSurface._should_include_element_in_background(element=<ableton.v3.control_surface.elements.button.ButtonElement object at 0x00000000247AF610>)
2026-01-07 07:45:51.460 DEBUG [Launchkey_MK4_patched.__init__] RETURN _should_include_element_in_background: False (element.name='Keyboard_1')
2026-01-07 07:45:51.460 DEBUG [Launchkey_MK4_patched.__init__] ENTER LaunchkeyCommonControlSurface._should_include_element_in_background(element=<ableton.v3.control_surface.elements.button.ButtonElement object at 0x00000000247AED90>)
2026-01-07 07:45:51.461 DEBUG [Launchkey_MK4_patched.__init__] RETURN _should_include_element_in_background: False (element.name='Keyboard_2')
2026-01-07 07:45:51.461 DEBUG [Launchkey_MK4_patched.__init__] ENTER LaunchkeyCommonControlSurface._should_include_element_in_background(element=<ableton.v3.control_surface.elements.button.ButtonElement object at 0x00000000247AD690>)
2026-01-07 07:45:51.461 DEBUG [Launchkey_MK4_patched.__init__] RETURN _should_include_element_in_background: False (element.name='Keyboard_3')
2026-01-07 07:45:51.461 DEBUG [Launchkey_MK4_patched.__init__] ENTER LaunchkeyCommonControlSurface._should_include_element_in_background(element=<ableton.v3.control_surface.elements.button.ButtonElement object at 0x00000000247AF6D0>)
2026-01-07 07:45:51.461 DEBUG [Launchkey_MK4_patched.__init__] RETURN _should_include_element_in_background: False (element.name='Keyboard_4')
2026-01-07 07:45:51.461 DEBUG [Launchkey_MK4_patched.__init__] ENTER LaunchkeyCommonControlSurface._should_include_element_in_background(element=<ableton.v3.control_surface.elements.button.ButtonElement object at 0x00000000247B1D10>)
2026-01-07 07:45:51.461 DEBUG [Launchkey_MK4_patched.__init__] RETURN _should_include_element_in_background: False (element.name='Keyboard_5')
2026-01-07 07:45:51.461 DEBUG [Launchkey_MK4_patched.__init__] ENTER LaunchkeyCommonControlSurface._should_include_element_in_background(element=<ableton.v3.control_surface.elements.button.ButtonElement object at 0x00000000247B2050>)
2026-01-07 07:45:51.461 DEBUG [Launchkey_MK4_patched.__init__] RETURN _should_include_element_in_background: False (element.name='Keyboard_6')
2026-01-07 07:45:51.461 DEBUG [Launchkey_MK4_patched.__init__] ENTER LaunchkeyCommonControlSurface._should_include_element_in_background(element=<ableton.v3.control_surface.elements.button.ButtonElement object at 0x00000000247B24D0>)
2026-01-07 07:45:51.461 DEBUG [Launchkey_MK4_patched.__init__] RETURN _should_include_element_in_background: False (element.name='Keyboard_7')
2026-01-07 07:45:51.461 DEBUG [Launchkey_MK4_patched.__init__] ENTER LaunchkeyCommonControlSurface._should_include_element_in_background(element=<ableton.v3.control_surface.elements.button.ButtonElement object at 0x00000000247B2AD0>)
2026-01-07 07:45:51.461 DEBUG [Launchkey_MK4_patched.__init__] RETURN _should_include_element_in_background: False (element.name='Keyboard_8')
2026-01-07 07:45:51.462 DEBUG [Launchkey_MK4_patched.__init__] ENTER LaunchkeyCommonControlSurface._should_include_element_in_background(element=<ableton.v3.control_surface.elements.button.ButtonElement object at 0x00000000247B2E10>)
2026-01-07 07:45:51.462 DEBUG [Launchkey_MK4_patched.__init__] RETURN _should_include_element_in_background: False (element.name='Keyboard_9')
2026-01-07 07:45:51.462 DEBUG [Launchkey_MK4_patched.__init__] ENTER LaunchkeyCommonControlSurface._should_include_element_in_background(element=<ableton.v3.control_surface.elements.button.ButtonElement object at 0x00000000247B33D0>)
2026-01-07 07:45:51.462 DEBUG [Launchkey_MK4_patched.__init__] RETURN _should_include_element_in_background: False (element.name='Keyboard_10')
2026-01-07 07:45:51.462 DEBUG [Launchkey_MK4_patched.__init__] ENTER LaunchkeyCommonControlSurface._should_include_element_in_background(element=<ableton.v3.control_surface.elements.button.ButtonElement object at 0x00000000247B3850>)
2026-01-07 07:45:51.462 DEBUG [Launchkey_MK4_patched.__init__] RETURN _should_include_element_in_background: False (element.name='Keyboard_11')
2026-01-07 07:45:51.462 DEBUG [Launchkey_MK4_patched.__init__] ENTER LaunchkeyCommonControlSurface._should_include_element_in_background(element=<ableton.v3.control_surface.elements.button.ButtonElement object at 0x00000000247B3C90>)
2026-01-07 07:45:51.462 DEBUG [Launchkey_MK4_patched.__init__] RETURN _should_include_element_in_background: False (element.name='Keyboard_12')
2026-01-07 07:45:51.462 DEBUG [Launchkey_MK4_patched.__init__] ENTER LaunchkeyCommonControlSurface._should_include_element_in_background(element=<ableton.v3.control_surface.elements.button.ButtonElement object at 0x00000000247B2110>)
2026-01-07 07:45:51.462 DEBUG [Launchkey_MK4_patched.__init__] RETURN _should_include_element_in_background: False (element.name='Keyboard_13')
2026-01-07 07:45:51.462 DEBUG [Launchkey_MK4_patched.__init__] ENTER LaunchkeyCommonControlSurface._should_include_element_in_background(element=<ableton.v3.control_surface.elements.button.ButtonElement object at 0x00000000247B1350>)
2026-01-07 07:45:51.462 DEBUG [Launchkey_MK4_patched.__init__] RETURN _should_include_element_in_background: False (element.name='Keyboard_14')
2026-01-07 07:45:51.462 DEBUG [Launchkey_MK4_patched.__init__] ENTER LaunchkeyCommonControlSurface._should_include_element_in_background(element=<ableton.v3.control_surface.elements.button.ButtonElement object at 0x00000000247B3C10>)
2026-01-07 07:45:51.462 DEBUG [Launchkey_MK4_patched.__init__] RETURN _should_include_element_in_background: False (element.name='Keyboard_15')
2026-01-07 07:45:51.462 DEBUG [Launchkey_MK4_patched.__init__] ENTER LaunchkeyCommonControlSurface._should_include_element_in_background(element=<ableton.v3.control_surface.elements.button.ButtonElement object at 0x00000000247B3350>)
2026-01-07 07:45:51.462 DEBUG [Launchkey_MK4_patched.__init__] RETURN _should_include_element_in_background: False (element.name='Keyboard_16')
2026-01-07 07:45:51.462 DEBUG [Launchkey_MK4_patched.__init__] ENTER LaunchkeyCommonControlSurface._should_include_element_in_background(element=<ableton.v3.control_surface.elements.button.ButtonElement object at 0x00000000247B3CD0>)
2026-01-07 07:45:51.462 DEBUG [Launchkey_MK4_patched.__init__] RETURN _should_include_element_in_background: False (element.name='Keyboard_17')
2026-01-07 07:45:51.462 DEBUG [Launchkey_MK4_patched.__init__] ENTER LaunchkeyCommonControlSurface._should_include_element_in_background(element=<ableton.v3.control_surface.elements.button.ButtonElement object at 0x00000000247B97D0>)
2026-01-07 07:45:51.462 DEBUG [Launchkey_MK4_patched.__init__] RETURN _should_include_element_in_background: False (element.name='Keyboard_18')
2026-01-07 07:45:51.462 DEBUG [Launchkey_MK4_patched.__init__] ENTER LaunchkeyCommonControlSurface._should_include_element_in_background(element=<ableton.v3.control_surface.elements.button.ButtonElement object at 0x00000000247B9C50>)
2026-01-07 07:45:51.462 DEBUG [Launchkey_MK4_patched.__init__] RETURN _should_include_element_in_background: False (element.name='Keyboard_19')
2026-01-07 07:45:51.462 DEBUG [Launchkey_MK4_patched.__init__] ENTER LaunchkeyCommonControlSurface._should_include_element_in_background(element=<ableton.v3.control_surface.elements.button.ButtonElement object at 0x00000000247BA0D0>)
2026-01-07 07:45:51.463 DEBUG [Launchkey_MK4_patched.__init__] RETURN _should_include_element_in_background: False (element.name='Keyboard_20')
2026-01-07 07:45:51.463 DEBUG [Launchkey_MK4_patched.__init__] ENTER LaunchkeyCommonControlSurface._should_include_element_in_background(element=<ableton.v3.control_surface.elements.button.ButtonElement object at 0x00000000247BA550>)
2026-01-07 07:45:51.463 DEBUG [Launchkey_MK4_patched.__init__] RETURN _should_include_element_in_background: False (element.name='Keyboard_21')
2026-01-07 07:45:51.463 DEBUG [Launchkey_MK4_patched.__init__] ENTER LaunchkeyCommonControlSurface._should_include_element_in_background(element=<ableton.v3.control_surface.elements.button.ButtonElement object at 0x00000000247BA9D0>)
2026-01-07 07:45:51.463 DEBUG [Launchkey_MK4_patched.__init__] RETURN _should_include_element_in_background: False (element.name='Keyboard_22')
2026-01-07 07:45:51.463 DEBUG [Launchkey_MK4_patched.__init__] ENTER LaunchkeyCommonControlSurface._should_include_element_in_background(element=<ableton.v3.control_surface.elements.button.ButtonElement object at 0x00000000247BAE50>)
2026-01-07 07:45:51.463 DEBUG [Launchkey_MK4_patched.__init__] RETURN _should_include_element_in_background: False (element.name='Keyboard_23')
2026-01-07 07:45:51.463 DEBUG [Launchkey_MK4_patched.__init__] ENTER LaunchkeyCommonControlSurface._should_include_element_in_background(element=<ableton.v3.control_surface.elements.button.ButtonElement object at 0x00000000247BB2D0>)
2026-01-07 07:45:51.463 DEBUG [Launchkey_MK4_patched.__init__] RETURN _should_include_element_in_background: False (element.name='Keyboard_24')
2026-01-07 07:45:51.463 DEBUG [Launchkey_MK4_patched.__init__] ENTER LaunchkeyCommonControlSurface._should_include_element_in_background(element=<ableton.v3.control_surface.elements.button.ButtonElement object at 0x00000000247BB750>)
2026-01-07 07:45:51.463 DEBUG [Launchkey_MK4_patched.__init__] RETURN _should_include_element_in_background: False (element.name='Keyboard_25')
2026-01-07 07:45:51.463 DEBUG [Launchkey_MK4_patched.__init__] ENTER LaunchkeyCommonControlSurface._should_include_element_in_background(element=<ableton.v3.control_surface.elements.button.ButtonElement object at 0x00000000247BBBD0>)
2026-01-07 07:45:51.463 DEBUG [Launchkey_MK4_patched.__init__] RETURN _should_include_element_in_background: False (element.name='Keyboard_26')
2026-01-07 07:45:51.463 DEBUG [Launchkey_MK4_patched.__init__] ENTER LaunchkeyCommonControlSurface._should_include_element_in_background(element=<ableton.v3.control_surface.elements.button.ButtonElement object at 0x00000000247B9390>)
2026-01-07 07:45:51.463 DEBUG [Launchkey_MK4_patched.__init__] RETURN _should_include_element_in_background: False (element.name='Keyboard_27')
2026-01-07 07:45:51.463 DEBUG [Launchkey_MK4_patched.__init__] ENTER LaunchkeyCommonControlSurface._should_include_element_in_background(element=<ableton.v3.control_surface.elements.button.ButtonElement object at 0x00000000247B8F10>)
2026-01-07 07:45:51.463 DEBUG [Launchkey_MK4_patched.__init__] RETURN _should_include_element_in_background: False (element.name='Keyboard_28')
2026-01-07 07:45:51.464 DEBUG [Launchkey_MK4_patched.__init__] ENTER LaunchkeyCommonControlSurface._should_include_element_in_background(element=<ableton.v3.control_surface.elements.button.ButtonElement object at 0x00000000247BBB50>)
2026-01-07 07:45:51.464 DEBUG [Launchkey_MK4_patched.__init__] RETURN _should_include_element_in_background: False (element.name='Keyboard_29')
2026-01-07 07:45:51.464 DEBUG [Launchkey_MK4_patched.__init__] ENTER LaunchkeyCommonControlSurface._should_include_element_in_background(element=<ableton.v3.control_surface.elements.button.ButtonElement object at 0x00000000247BB6D0>)
2026-01-07 07:45:51.464 DEBUG [Launchkey_MK4_patched.__init__] RETURN _should_include_element_in_background: False (element.name='Keyboard_30')
2026-01-07 07:45:51.464 DEBUG [Launchkey_MK4_patched.__init__] ENTER LaunchkeyCommonControlSurface._should_include_element_in_background(element=<ableton.v3.control_surface.elements.button.ButtonElement object at 0x00000000247BBC10>)
2026-01-07 07:45:51.464 DEBUG [Launchkey_MK4_patched.__init__] RETURN _should_include_element_in_background: False (element.name='Keyboard_31')
2026-01-07 07:45:51.464 DEBUG [Launchkey_MK4_patched.__init__] ENTER LaunchkeyCommonControlSurface._should_include_element_in_background(element=<ableton.v3.control_surface.elements.button.ButtonElement object at 0x00000000247BD710>)
2026-01-07 07:45:51.464 DEBUG [Launchkey_MK4_patched.__init__] RETURN _should_include_element_in_background: False (element.name='Keyboard_32')
2026-01-07 07:45:51.464 DEBUG [Launchkey_MK4_patched.__init__] ENTER LaunchkeyCommonControlSurface._should_include_element_in_background(element=<ableton.v3.control_surface.elements.button.ButtonElement object at 0x00000000247BDB90>)
2026-01-07 07:45:51.464 DEBUG [Launchkey_MK4_patched.__init__] RETURN _should_include_element_in_background: False (element.name='Keyboard_33')
2026-01-07 07:45:51.464 DEBUG [Launchkey_MK4_patched.__init__] ENTER LaunchkeyCommonControlSurface._should_include_element_in_background(element=<ableton.v3.control_surface.elements.button.ButtonElement object at 0x00000000247BE010>)
2026-01-07 07:45:51.464 DEBUG [Launchkey_MK4_patched.__init__] RETURN _should_include_element_in_background: False (element.name='Keyboard_34')
2026-01-07 07:45:51.464 DEBUG [Launchkey_MK4_patched.__init__] ENTER LaunchkeyCommonControlSurface._should_include_element_in_background(element=<ableton.v3.control_surface.elements.button.ButtonElement object at 0x00000000247BE490>)
2026-01-07 07:45:51.464 DEBUG [Launchkey_MK4_patched.__init__] RETURN _should_include_element_in_background: False (element.name='Keyboard_35')
2026-01-07 07:45:51.465 DEBUG [Launchkey_MK4_patched.__init__] ENTER LaunchkeyCommonControlSurface._should_include_element_in_background(element=<ableton.v3.control_surface.elements.button.ButtonElement object at 0x00000000247BE910>)
2026-01-07 07:45:51.465 DEBUG [Launchkey_MK4_patched.__init__] RETURN _should_include_element_in_background: False (element.name='Keyboard_36')
2026-01-07 07:45:51.465 DEBUG [Launchkey_MK4_patched.__init__] ENTER LaunchkeyCommonControlSurface._should_include_element_in_background(element=<ableton.v3.control_surface.elements.button.ButtonElement object at 0x00000000247BED90>)
2026-01-07 07:45:51.465 DEBUG [Launchkey_MK4_patched.__init__] RETURN _should_include_element_in_background: False (element.name='Keyboard_37')
2026-01-07 07:45:51.465 DEBUG [Launchkey_MK4_patched.__init__] ENTER LaunchkeyCommonControlSurface._should_include_element_in_background(element=<ableton.v3.control_surface.elements.button.ButtonElement object at 0x00000000247BF210>)
2026-01-07 07:45:51.465 DEBUG [Launchkey_MK4_patched.__init__] RETURN _should_include_element_in_background: False (element.name='Keyboard_38')
2026-01-07 07:45:51.465 DEBUG [Launchkey_MK4_patched.__init__] ENTER LaunchkeyCommonControlSurface._should_include_element_in_background(element=<ableton.v3.control_surface.elements.button.ButtonElement object at 0x00000000247BF690>)
2026-01-07 07:45:51.465 DEBUG [Launchkey_MK4_patched.__init__] RETURN _should_include_element_in_background: False (element.name='Keyboard_39')
2026-01-07 07:45:51.465 DEBUG [Launchkey_MK4_patched.__init__] ENTER LaunchkeyCommonControlSurface._should_include_element_in_background(element=<ableton.v3.control_surface.elements.button.ButtonElement object at 0x00000000247BFB10>)
2026-01-07 07:45:51.465 DEBUG [Launchkey_MK4_patched.__init__] RETURN _should_include_element_in_background: False (element.name='Keyboard_40')
2026-01-07 07:45:51.465 DEBUG [Launchkey_MK4_patched.__init__] ENTER LaunchkeyCommonControlSurface._should_include_element_in_background(element=<ableton.v3.control_surface.elements.button.ButtonElement object at 0x00000000247BFF90>)
2026-01-07 07:45:51.465 DEBUG [Launchkey_MK4_patched.__init__] RETURN _should_include_element_in_background: False (element.name='Keyboard_41')
2026-01-07 07:45:51.465 DEBUG [Launchkey_MK4_patched.__init__] ENTER LaunchkeyCommonControlSurface._should_include_element_in_background(element=<ableton.v3.control_surface.elements.button.ButtonElement object at 0x00000000247BD2D0>)
2026-01-07 07:45:51.465 DEBUG [Launchkey_MK4_patched.__init__] RETURN _should_include_element_in_background: False (element.name='Keyboard_42')
2026-01-07 07:45:51.465 DEBUG [Launchkey_MK4_patched.__init__] ENTER LaunchkeyCommonControlSurface._should_include_element_in_background(element=<ableton.v3.control_surface.elements.button.ButtonElement object at 0x00000000247BFA90>)
2026-01-07 07:45:51.465 DEBUG [Launchkey_MK4_patched.__init__] RETURN _should_include_element_in_background: False (element.name='Keyboard_43')
2026-01-07 07:45:51.465 DEBUG [Launchkey_MK4_patched.__init__] ENTER LaunchkeyCommonControlSurface._should_include_element_in_background(element=<ableton.v3.control_surface.elements.button.ButtonElement object at 0x00000000247BE950>)
2026-01-07 07:45:51.465 DEBUG [Launchkey_MK4_patched.__init__] RETURN _should_include_element_in_background: False (element.name='Keyboard_44')
2026-01-07 07:45:51.465 DEBUG [Launchkey_MK4_patched.__init__] ENTER LaunchkeyCommonControlSurface._should_include_element_in_background(element=<ableton.v3.control_surface.elements.button.ButtonElement object at 0x00000000247BF610>)
2026-01-07 07:45:51.465 DEBUG [Launchkey_MK4_patched.__init__] RETURN _should_include_element_in_background: False (element.name='Keyboard_45')
2026-01-07 07:45:51.466 DEBUG [Launchkey_MK4_patched.__init__] ENTER LaunchkeyCommonControlSurface._should_include_element_in_background(element=<ableton.v3.control_surface.elements.button.ButtonElement object at 0x00000000247BFFD0>)
2026-01-07 07:45:51.466 DEBUG [Launchkey_MK4_patched.__init__] RETURN _should_include_element_in_background: False (element.name='Keyboard_46')
2026-01-07 07:45:51.466 DEBUG [Launchkey_MK4_patched.__init__] ENTER LaunchkeyCommonControlSurface._should_include_element_in_background(element=<ableton.v3.control_surface.elements.button.ButtonElement object at 0x00000000247C1AD0>)
2026-01-07 07:45:51.466 DEBUG [Launchkey_MK4_patched.__init__] RETURN _should_include_element_in_background: False (element.name='Keyboard_47')
2026-01-07 07:45:51.466 DEBUG [Launchkey_MK4_patched.__init__] ENTER LaunchkeyCommonControlSurface._should_include_element_in_background(element=<ableton.v3.control_surface.elements.button.ButtonElement object at 0x00000000247C1F50>)
2026-01-07 07:45:51.466 DEBUG [Launchkey_MK4_patched.__init__] RETURN _should_include_element_in_background: False (element.name='Keyboard_48')
2026-01-07 07:45:51.466 DEBUG [Launchkey_MK4_patched.__init__] ENTER LaunchkeyCommonControlSurface._should_include_element_in_background(element=<ableton.v3.control_surface.elements.button.ButtonElement object at 0x00000000247C23D0>)
2026-01-07 07:45:51.466 DEBUG [Launchkey_MK4_patched.__init__] RETURN _should_include_element_in_background: False (element.name='Keyboard_49')
2026-01-07 07:45:51.466 DEBUG [Launchkey_MK4_patched.__init__] ENTER LaunchkeyCommonControlSurface._should_include_element_in_background(element=<ableton.v3.control_surface.elements.button.ButtonElement object at 0x00000000247C2850>)
2026-01-07 07:45:51.466 DEBUG [Launchkey_MK4_patched.__init__] RETURN _should_include_element_in_background: False (element.name='Keyboard_50')
2026-01-07 07:45:51.466 DEBUG [Launchkey_MK4_patched.__init__] ENTER LaunchkeyCommonControlSurface._should_include_element_in_background(element=<ableton.v3.control_surface.elements.button.ButtonElement object at 0x00000000247C2CD0>)
2026-01-07 07:45:51.466 DEBUG [Launchkey_MK4_patched.__init__] RETURN _should_include_element_in_background: False (element.name='Keyboard_51')
2026-01-07 07:45:51.466 DEBUG [Launchkey_MK4_patched.__init__] ENTER LaunchkeyCommonControlSurface._should_include_element_in_background(element=<ableton.v3.control_surface.elements.button.ButtonElement object at 0x00000000247C3150>)
2026-01-07 07:45:51.466 DEBUG [Launchkey_MK4_patched.__init__] RETURN _should_include_element_in_background: False (element.name='Keyboard_52')
2026-01-07 07:45:51.466 DEBUG [Launchkey_MK4_patched.__init__] ENTER LaunchkeyCommonControlSurface._should_include_element_in_background(element=<ableton.v3.control_surface.elements.button.ButtonElement object at 0x00000000247C35D0>)
2026-01-07 07:45:51.466 DEBUG [Launchkey_MK4_patched.__init__] RETURN _should_include_element_in_background: False (element.name='Keyboard_53')
2026-01-07 07:45:51.466 DEBUG [Launchkey_MK4_patched.__init__] ENTER LaunchkeyCommonControlSurface._should_include_element_in_background(element=<ableton.v3.control_surface.elements.button.ButtonElement object at 0x00000000247C3A50>)
2026-01-07 07:45:51.466 DEBUG [Launchkey_MK4_patched.__init__] RETURN _should_include_element_in_background: False (element.name='Keyboard_54')
2026-01-07 07:45:51.466 DEBUG [Launchkey_MK4_patched.__init__] ENTER LaunchkeyCommonControlSurface._should_include_element_in_background(element=<ableton.v3.control_surface.elements.button.ButtonElement object at 0x00000000247C3ED0>)
2026-01-07 07:45:51.467 DEBUG [Launchkey_MK4_patched.__init__] RETURN _should_include_element_in_background: False (element.name='Keyboard_55')
2026-01-07 07:45:51.467 DEBUG [Launchkey_MK4_patched.__init__] ENTER LaunchkeyCommonControlSurface._should_include_element_in_background(element=<ableton.v3.control_surface.elements.button.ButtonElement object at 0x00000000247C1210>)
2026-01-07 07:45:51.467 DEBUG [Launchkey_MK4_patched.__init__] RETURN _should_include_element_in_background: False (element.name='Keyboard_56')
2026-01-07 07:45:51.467 DEBUG [Launchkey_MK4_patched.__init__] ENTER LaunchkeyCommonControlSurface._should_include_element_in_background(element=<ableton.v3.control_surface.elements.button.ButtonElement object at 0x00000000247C39D0>)
2026-01-07 07:45:51.467 DEBUG [Launchkey_MK4_patched.__init__] RETURN _should_include_element_in_background: False (element.name='Keyboard_57')
2026-01-07 07:45:51.467 DEBUG [Launchkey_MK4_patched.__init__] ENTER LaunchkeyCommonControlSurface._should_include_element_in_background(element=<ableton.v3.control_surface.elements.button.ButtonElement object at 0x00000000247C2890>)
2026-01-07 07:45:51.467 DEBUG [Launchkey_MK4_patched.__init__] RETURN _should_include_element_in_background: False (element.name='Keyboard_58')
2026-01-07 07:45:51.467 DEBUG [Launchkey_MK4_patched.__init__] ENTER LaunchkeyCommonControlSurface._should_include_element_in_background(element=<ableton.v3.control_surface.elements.button.ButtonElement object at 0x00000000247C3550>)
2026-01-07 07:45:51.467 DEBUG [Launchkey_MK4_patched.__init__] RETURN _should_include_element_in_background: False (element.name='Keyboard_59')
2026-01-07 07:45:51.467 DEBUG [Launchkey_MK4_patched.__init__] ENTER LaunchkeyCommonControlSurface._should_include_element_in_background(element=<ableton.v3.control_surface.elements.button.ButtonElement object at 0x00000000247C3F10>)
2026-01-07 07:45:51.467 DEBUG [Launchkey_MK4_patched.__init__] RETURN _should_include_element_in_background: False (element.name='Keyboard_60')
2026-01-07 07:45:51.467 DEBUG [Launchkey_MK4_patched.__init__] ENTER LaunchkeyCommonControlSurface._should_include_element_in_background(element=<ableton.v3.control_surface.elements.button.ButtonElement object at 0x00000000247C5A10>)
2026-01-07 07:45:51.468 DEBUG [Launchkey_MK4_patched.__init__] RETURN _should_include_element_in_background: False (element.name='Keyboard_61')
2026-01-07 07:45:51.468 DEBUG [Launchkey_MK4_patched.__init__] ENTER LaunchkeyCommonControlSurface._should_include_element_in_background(element=<ableton.v3.control_surface.elements.button.ButtonElement object at 0x00000000247C5E90>)
2026-01-07 07:45:51.468 DEBUG [Launchkey_MK4_patched.__init__] RETURN _should_include_element_in_background: False (element.name='Keyboard_62')
2026-01-07 07:45:51.468 DEBUG [Launchkey_MK4_patched.__init__] ENTER LaunchkeyCommonControlSurface._should_include_element_in_background(element=<ableton.v3.control_surface.elements.button.ButtonElement object at 0x00000000247C6310>)
2026-01-07 07:45:51.468 DEBUG [Launchkey_MK4_patched.__init__] RETURN _should_include_element_in_background: False (element.name='Keyboard_63')
2026-01-07 07:45:51.468 DEBUG [Launchkey_MK4_patched.__init__] ENTER LaunchkeyCommonControlSurface._should_include_element_in_background(element=<ableton.v3.control_surface.elements.button.ButtonElement object at 0x00000000247C6790>)
2026-01-07 07:45:51.468 DEBUG [Launchkey_MK4_patched.__init__] RETURN _should_include_element_in_background: False (element.name='Keyboard_64')
2026-01-07 07:45:51.468 DEBUG [Launchkey_MK4_patched.__init__] ENTER LaunchkeyCommonControlSurface._should_include_element_in_background(element=<ableton.v3.control_surface.elements.button.ButtonElement object at 0x00000000247C6C10>)
2026-01-07 07:45:51.468 DEBUG [Launchkey_MK4_patched.__init__] RETURN _should_include_element_in_background: False (element.name='Keyboard_65')
2026-01-07 07:45:51.468 DEBUG [Launchkey_MK4_patched.__init__] ENTER LaunchkeyCommonControlSurface._should_include_element_in_background(element=<ableton.v3.control_surface.elements.button.ButtonElement object at 0x00000000247C7090>)
2026-01-07 07:45:51.468 DEBUG [Launchkey_MK4_patched.__init__] RETURN _should_include_element_in_background: False (element.name='Keyboard_66')
2026-01-07 07:45:51.468 DEBUG [Launchkey_MK4_patched.__init__] ENTER LaunchkeyCommonControlSurface._should_include_element_in_background(element=<ableton.v3.control_surface.elements.button.ButtonElement object at 0x00000000247C7510>)
2026-01-07 07:45:51.468 DEBUG [Launchkey_MK4_patched.__init__] RETURN _should_include_element_in_background: False (element.name='Keyboard_67')
2026-01-07 07:45:51.468 DEBUG [Launchkey_MK4_patched.__init__] ENTER LaunchkeyCommonControlSurface._should_include_element_in_background(element=<ableton.v3.control_surface.elements.button.ButtonElement object at 0x00000000247C7990>)
2026-01-07 07:45:51.468 DEBUG [Launchkey_MK4_patched.__init__] RETURN _should_include_element_in_background: False (element.name='Keyboard_68')
2026-01-07 07:45:51.468 DEBUG [Launchkey_MK4_patched.__init__] ENTER LaunchkeyCommonControlSurface._should_include_element_in_background(element=<ableton.v3.control_surface.elements.button.ButtonElement object at 0x00000000247C7E10>)
2026-01-07 07:45:51.468 DEBUG [Launchkey_MK4_patched.__init__] RETURN _should_include_element_in_background: False (element.name='Keyboard_69')
2026-01-07 07:45:51.468 DEBUG [Launchkey_MK4_patched.__init__] ENTER LaunchkeyCommonControlSurface._should_include_element_in_background(element=<ableton.v3.control_surface.elements.button.ButtonElement object at 0x00000000247C5150>)
2026-01-07 07:45:51.468 DEBUG [Launchkey_MK4_patched.__init__] RETURN _should_include_element_in_background: False (element.name='Keyboard_70')
2026-01-07 07:45:51.468 DEBUG [Launchkey_MK4_patched.__init__] ENTER LaunchkeyCommonControlSurface._should_include_element_in_background(element=<ableton.v3.control_surface.elements.button.ButtonElement object at 0x00000000247C7910>)
2026-01-07 07:45:51.468 DEBUG [Launchkey_MK4_patched.__init__] RETURN _should_include_element_in_background: False (element.name='Keyboard_71')
2026-01-07 07:45:51.468 DEBUG [Launchkey_MK4_patched.__init__] ENTER LaunchkeyCommonControlSurface._should_include_element_in_background(element=<ableton.v3.control_surface.elements.button.ButtonElement object at 0x00000000247C67D0>)
2026-01-07 07:45:51.469 DEBUG [Launchkey_MK4_patched.__init__] RETURN _should_include_element_in_background: False (element.name='Keyboard_72')
2026-01-07 07:45:51.469 DEBUG [Launchkey_MK4_patched.__init__] ENTER LaunchkeyCommonControlSurface._should_include_element_in_background(element=<ableton.v3.control_surface.elements.button.ButtonElement object at 0x00000000247C7490>)
2026-01-07 07:45:51.469 DEBUG [Launchkey_MK4_patched.__init__] RETURN _should_include_element_in_background: False (element.name='Keyboard_73')
2026-01-07 07:45:51.469 DEBUG [Launchkey_MK4_patched.__init__] ENTER LaunchkeyCommonControlSurface._should_include_element_in_background(element=<ableton.v3.control_surface.elements.button.ButtonElement object at 0x00000000247C7E50>)
2026-01-07 07:45:51.469 DEBUG [Launchkey_MK4_patched.__init__] RETURN _should_include_element_in_background: False (element.name='Keyboard_74')
2026-01-07 07:45:51.469 DEBUG [Launchkey_MK4_patched.__init__] ENTER LaunchkeyCommonControlSurface._should_include_element_in_background(element=<ableton.v3.control_surface.elements.button.ButtonElement object at 0x00000000247C9950>)
2026-01-07 07:45:51.469 DEBUG [Launchkey_MK4_patched.__init__] RETURN _should_include_element_in_background: False (element.name='Keyboard_75')
2026-01-07 07:45:51.469 DEBUG [Launchkey_MK4_patched.__init__] ENTER LaunchkeyCommonControlSurface._should_include_element_in_background(element=<ableton.v3.control_surface.elements.button.ButtonElement object at 0x00000000247C9DD0>)
2026-01-07 07:45:51.470 DEBUG [Launchkey_MK4_patched.__init__] RETURN _should_include_element_in_background: False (element.name='Keyboard_76')
2026-01-07 07:45:51.470 DEBUG [Launchkey_MK4_patched.__init__] ENTER LaunchkeyCommonControlSurface._should_include_element_in_background(element=<ableton.v3.control_surface.elements.button.ButtonElement object at 0x00000000247CA250>)
2026-01-07 07:45:51.470 DEBUG [Launchkey_MK4_patched.__init__] RETURN _should_include_element_in_background: False (element.name='Keyboard_77')
2026-01-07 07:45:51.470 DEBUG [Launchkey_MK4_patched.__init__] ENTER LaunchkeyCommonControlSurface._should_include_element_in_background(element=<ableton.v3.control_surface.elements.button.ButtonElement object at 0x00000000247CA6D0>)
2026-01-07 07:45:51.470 DEBUG [Launchkey_MK4_patched.__init__] RETURN _should_include_element_in_background: False (element.name='Keyboard_78')
2026-01-07 07:45:51.470 DEBUG [Launchkey_MK4_patched.__init__] ENTER LaunchkeyCommonControlSurface._should_include_element_in_background(element=<ableton.v3.control_surface.elements.button.ButtonElement object at 0x00000000247CAB50>)
2026-01-07 07:45:51.470 DEBUG [Launchkey_MK4_patched.__init__] RETURN _should_include_element_in_background: False (element.name='Keyboard_79')
2026-01-07 07:45:51.470 DEBUG [Launchkey_MK4_patched.__init__] ENTER LaunchkeyCommonControlSurface._should_include_element_in_background(element=<ableton.v3.control_surface.elements.button.ButtonElement object at 0x00000000247CAFD0>)
2026-01-07 07:45:51.470 DEBUG [Launchkey_MK4_patched.__init__] RETURN _should_include_element_in_background: False (element.name='Keyboard_80')
2026-01-07 07:45:51.470 DEBUG [Launchkey_MK4_patched.__init__] ENTER LaunchkeyCommonControlSurface._should_include_element_in_background(element=<ableton.v3.control_surface.elements.button.ButtonElement object at 0x00000000247CB450>)
2026-01-07 07:45:51.470 DEBUG [Launchkey_MK4_patched.__init__] RETURN _should_include_element_in_background: False (element.name='Keyboard_81')
2026-01-07 07:45:51.470 DEBUG [Launchkey_MK4_patched.__init__] ENTER LaunchkeyCommonControlSurface._should_include_element_in_background(element=<ableton.v3.control_surface.elements.button.ButtonElement object at 0x00000000247CB8D0>)
2026-01-07 07:45:51.470 DEBUG [Launchkey_MK4_patched.__init__] RETURN _should_include_element_in_background: False (element.name='Keyboard_82')
2026-01-07 07:45:51.470 DEBUG [Launchkey_MK4_patched.__init__] ENTER LaunchkeyCommonControlSurface._should_include_element_in_background(element=<ableton.v3.control_surface.elements.button.ButtonElement object at 0x00000000247CBD50>)
2026-01-07 07:45:51.470 DEBUG [Launchkey_MK4_patched.__init__] RETURN _should_include_element_in_background: False (element.name='Keyboard_83')
2026-01-07 07:45:51.470 DEBUG [Launchkey_MK4_patched.__init__] ENTER LaunchkeyCommonControlSurface._should_include_element_in_background(element=<ableton.v3.control_surface.elements.button.ButtonElement object at 0x00000000247C9090>)
2026-01-07 07:45:51.470 DEBUG [Launchkey_MK4_patched.__init__] RETURN _should_include_element_in_background: False (element.name='Keyboard_84')
2026-01-07 07:45:51.470 DEBUG [Launchkey_MK4_patched.__init__] ENTER LaunchkeyCommonControlSurface._should_include_element_in_background(element=<ableton.v3.control_surface.elements.button.ButtonElement object at 0x00000000247C80D0>)
2026-01-07 07:45:51.470 DEBUG [Launchkey_MK4_patched.__init__] RETURN _should_include_element_in_background: False (element.name='Keyboard_85')
2026-01-07 07:45:51.470 DEBUG [Launchkey_MK4_patched.__init__] ENTER LaunchkeyCommonControlSurface._should_include_element_in_background(element=<ableton.v3.control_surface.elements.button.ButtonElement object at 0x00000000247CBCD0>)
2026-01-07 07:45:51.470 DEBUG [Launchkey_MK4_patched.__init__] RETURN _should_include_element_in_background: False (element.name='Keyboard_86')
2026-01-07 07:45:51.470 DEBUG [Launchkey_MK4_patched.__init__] ENTER LaunchkeyCommonControlSurface._should_include_element_in_background(element=<ableton.v3.control_surface.elements.button.ButtonElement object at 0x00000000247CA710>)
2026-01-07 07:45:51.470 DEBUG [Launchkey_MK4_patched.__init__] RETURN _should_include_element_in_background: False (element.name='Keyboard_87')
2026-01-07 07:45:51.471 DEBUG [Launchkey_MK4_patched.__init__] ENTER LaunchkeyCommonControlSurface._should_include_element_in_background(element=<ableton.v3.control_surface.elements.button.ButtonElement object at 0x00000000247CBD90>)
2026-01-07 07:45:51.471 DEBUG [Launchkey_MK4_patched.__init__] RETURN _should_include_element_in_background: False (element.name='Keyboard_88')
2026-01-07 07:45:51.471 DEBUG [Launchkey_MK4_patched.__init__] ENTER LaunchkeyCommonControlSurface._should_include_element_in_background(element=<ableton.v3.control_surface.elements.button.ButtonElement object at 0x00000000247CD890>)
2026-01-07 07:45:51.471 DEBUG [Launchkey_MK4_patched.__init__] RETURN _should_include_element_in_background: False (element.name='Keyboard_89')
2026-01-07 07:45:51.471 DEBUG [Launchkey_MK4_patched.__init__] ENTER LaunchkeyCommonControlSurface._should_include_element_in_background(element=<ableton.v3.control_surface.elements.button.ButtonElement object at 0x00000000247CDD10>)
2026-01-07 07:45:51.471 DEBUG [Launchkey_MK4_patched.__init__] RETURN _should_include_element_in_background: False (element.name='Keyboard_90')
2026-01-07 07:45:51.471 DEBUG [Launchkey_MK4_patched.__init__] ENTER LaunchkeyCommonControlSurface._should_include_element_in_background(element=<ableton.v3.control_surface.elements.button.ButtonElement object at 0x00000000247CE190>)
2026-01-07 07:45:51.471 DEBUG [Launchkey_MK4_patched.__init__] RETURN _should_include_element_in_background: False (element.name='Keyboard_91')
2026-01-07 07:45:51.471 DEBUG [Launchkey_MK4_patched.__init__] ENTER LaunchkeyCommonControlSurface._should_include_element_in_background(element=<ableton.v3.control_surface.elements.button.ButtonElement object at 0x00000000247CE610>)
2026-01-07 07:45:51.471 DEBUG [Launchkey_MK4_patched.__init__] RETURN _should_include_element_in_background: False (element.name='Keyboard_92')
2026-01-07 07:45:51.471 DEBUG [Launchkey_MK4_patched.__init__] ENTER LaunchkeyCommonControlSurface._should_include_element_in_background(element=<ableton.v3.control_surface.elements.button.ButtonElement object at 0x00000000247CEA90>)
2026-01-07 07:45:51.471 DEBUG [Launchkey_MK4_patched.__init__] RETURN _should_include_element_in_background: False (element.name='Keyboard_93')
2026-01-07 07:45:51.471 DEBUG [Launchkey_MK4_patched.__init__] ENTER LaunchkeyCommonControlSurface._should_include_element_in_background(element=<ableton.v3.control_surface.elements.button.ButtonElement object at 0x00000000247CEF10>)
2026-01-07 07:45:51.471 DEBUG [Launchkey_MK4_patched.__init__] RETURN _should_include_element_in_background: False (element.name='Keyboard_94')
2026-01-07 07:45:51.471 DEBUG [Launchkey_MK4_patched.__init__] ENTER LaunchkeyCommonControlSurface._should_include_element_in_background(element=<ableton.v3.control_surface.elements.button.ButtonElement object at 0x00000000247CF390>)
2026-01-07 07:45:51.471 DEBUG [Launchkey_MK4_patched.__init__] RETURN _should_include_element_in_background: False (element.name='Keyboard_95')
2026-01-07 07:45:51.471 DEBUG [Launchkey_MK4_patched.__init__] ENTER LaunchkeyCommonControlSurface._should_include_element_in_background(element=<ableton.v3.control_surface.elements.button.ButtonElement object at 0x00000000247CF810>)
2026-01-07 07:45:51.471 DEBUG [Launchkey_MK4_patched.__init__] RETURN _should_include_element_in_background: False (element.name='Keyboard_96')
2026-01-07 07:45:51.472 DEBUG [Launchkey_MK4_patched.__init__] ENTER LaunchkeyCommonControlSurface._should_include_element_in_background(element=<ableton.v3.control_surface.elements.button.ButtonElement object at 0x00000000247CFC90>)
2026-01-07 07:45:51.472 DEBUG [Launchkey_MK4_patched.__init__] RETURN _should_include_element_in_background: False (element.name='Keyboard_97')
2026-01-07 07:45:51.472 DEBUG [Launchkey_MK4_patched.__init__] ENTER LaunchkeyCommonControlSurface._should_include_element_in_background(element=<ableton.v3.control_surface.elements.button.ButtonElement object at 0x00000000247CD450>)
2026-01-07 07:45:51.472 DEBUG [Launchkey_MK4_patched.__init__] RETURN _should_include_element_in_background: False (element.name='Keyboard_98')
2026-01-07 07:45:51.472 DEBUG [Launchkey_MK4_patched.__init__] ENTER LaunchkeyCommonControlSurface._should_include_element_in_background(element=<ableton.v3.control_surface.elements.button.ButtonElement object at 0x00000000247CCFD0>)
2026-01-07 07:45:51.472 DEBUG [Launchkey_MK4_patched.__init__] RETURN _should_include_element_in_background: False (element.name='Keyboard_99')
2026-01-07 07:45:51.472 DEBUG [Launchkey_MK4_patched.__init__] ENTER LaunchkeyCommonControlSurface._should_include_element_in_background(element=<ableton.v3.control_surface.elements.button.ButtonElement object at 0x00000000247CFC10>)
2026-01-07 07:45:51.472 DEBUG [Launchkey_MK4_patched.__init__] RETURN _should_include_element_in_background: False (element.name='Keyboard_100')
2026-01-07 07:45:51.472 DEBUG [Launchkey_MK4_patched.__init__] ENTER LaunchkeyCommonControlSurface._should_include_element_in_background(element=<ableton.v3.control_surface.elements.button.ButtonElement object at 0x00000000247CF310>)
2026-01-07 07:45:51.472 DEBUG [Launchkey_MK4_patched.__init__] RETURN _should_include_element_in_background: False (element.name='Keyboard_101')
2026-01-07 07:45:51.472 DEBUG [Launchkey_MK4_patched.__init__] ENTER LaunchkeyCommonControlSurface._should_include_element_in_background(element=<ableton.v3.control_surface.elements.button.ButtonElement object at 0x00000000247CFCD0>)
2026-01-07 07:45:51.473 DEBUG [Launchkey_MK4_patched.__init__] RETURN _should_include_element_in_background: False (element.name='Keyboard_102')
2026-01-07 07:45:51.473 DEBUG [Launchkey_MK4_patched.__init__] ENTER LaunchkeyCommonControlSurface._should_include_element_in_background(element=<ableton.v3.control_surface.elements.button.ButtonElement object at 0x00000000247D17D0>)
2026-01-07 07:45:51.473 DEBUG [Launchkey_MK4_patched.__init__] RETURN _should_include_element_in_background: False (element.name='Keyboard_103')
2026-01-07 07:45:51.473 DEBUG [Launchkey_MK4_patched.__init__] ENTER LaunchkeyCommonControlSurface._should_include_element_in_background(element=<ableton.v3.control_surface.elements.button.ButtonElement object at 0x00000000247D1C50>)
2026-01-07 07:45:51.473 DEBUG [Launchkey_MK4_patched.__init__] RETURN _should_include_element_in_background: False (element.name='Keyboard_104')
2026-01-07 07:45:51.473 DEBUG [Launchkey_MK4_patched.__init__] ENTER LaunchkeyCommonControlSurface._should_include_element_in_background(element=<ableton.v3.control_surface.elements.button.ButtonElement object at 0x00000000247D20D0>)
2026-01-07 07:45:51.473 DEBUG [Launchkey_MK4_patched.__init__] RETURN _should_include_element_in_background: False (element.name='Keyboard_105')
2026-01-07 07:45:51.473 DEBUG [Launchkey_MK4_patched.__init__] ENTER LaunchkeyCommonControlSurface._should_include_element_in_background(element=<ableton.v3.control_surface.elements.button.ButtonElement object at 0x00000000247D2550>)
2026-01-07 07:45:51.473 DEBUG [Launchkey_MK4_patched.__init__] RETURN _should_include_element_in_background: False (element.name='Keyboard_106')
2026-01-07 07:45:51.473 DEBUG [Launchkey_MK4_patched.__init__] ENTER LaunchkeyCommonControlSurface._should_include_element_in_background(element=<ableton.v3.control_surface.elements.button.ButtonElement object at 0x00000000247D29D0>)
2026-01-07 07:45:51.473 DEBUG [Launchkey_MK4_patched.__init__] RETURN _should_include_element_in_background: False (element.name='Keyboard_107')
2026-01-07 07:45:51.473 DEBUG [Launchkey_MK4_patched.__init__] ENTER LaunchkeyCommonControlSurface._should_include_element_in_background(element=<ableton.v3.control_surface.elements.button.ButtonElement object at 0x00000000247D2E50>)
2026-01-07 07:45:51.473 DEBUG [Launchkey_MK4_patched.__init__] RETURN _should_include_element_in_background: False (element.name='Keyboard_108')
2026-01-07 07:45:51.473 DEBUG [Launchkey_MK4_patched.__init__] ENTER LaunchkeyCommonControlSurface._should_include_element_in_background(element=<ableton.v3.control_surface.elements.button.ButtonElement object at 0x00000000247D32D0>)
2026-01-07 07:45:51.473 DEBUG [Launchkey_MK4_patched.__init__] RETURN _should_include_element_in_background: False (element.name='Keyboard_109')
2026-01-07 07:45:51.473 DEBUG [Launchkey_MK4_patched.__init__] ENTER LaunchkeyCommonControlSurface._should_include_element_in_background(element=<ableton.v3.control_surface.elements.button.ButtonElement object at 0x00000000247D3750>)
2026-01-07 07:45:51.473 DEBUG [Launchkey_MK4_patched.__init__] RETURN _should_include_element_in_background: False (element.name='Keyboard_110')
2026-01-07 07:45:51.473 DEBUG [Launchkey_MK4_patched.__init__] ENTER LaunchkeyCommonControlSurface._should_include_element_in_background(element=<ableton.v3.control_surface.elements.button.ButtonElement object at 0x00000000247D3BD0>)
2026-01-07 07:45:51.473 DEBUG [Launchkey_MK4_patched.__init__] RETURN _should_include_element_in_background: False (element.name='Keyboard_111')
2026-01-07 07:45:51.473 DEBUG [Launchkey_MK4_patched.__init__] ENTER LaunchkeyCommonControlSurface._should_include_element_in_background(element=<ableton.v3.control_surface.elements.button.ButtonElement object at 0x00000000247D1390>)
2026-01-07 07:45:51.473 DEBUG [Launchkey_MK4_patched.__init__] RETURN _should_include_element_in_background: False (element.name='Keyboard_112')
2026-01-07 07:45:51.473 DEBUG [Launchkey_MK4_patched.__init__] ENTER LaunchkeyCommonControlSurface._should_include_element_in_background(element=<ableton.v3.control_surface.elements.button.ButtonElement object at 0x00000000247D0F10>)
2026-01-07 07:45:51.473 DEBUG [Launchkey_MK4_patched.__init__] RETURN _should_include_element_in_background: False (element.name='Keyboard_113')
2026-01-07 07:45:51.474 DEBUG [Launchkey_MK4_patched.__init__] ENTER LaunchkeyCommonControlSurface._should_include_element_in_background(element=<ableton.v3.control_surface.elements.button.ButtonElement object at 0x00000000247D3B50>)
2026-01-07 07:45:51.474 DEBUG [Launchkey_MK4_patched.__init__] RETURN _should_include_element_in_background: False (element.name='Keyboard_114')
2026-01-07 07:45:51.474 DEBUG [Launchkey_MK4_patched.__init__] ENTER LaunchkeyCommonControlSurface._should_include_element_in_background(element=<ableton.v3.control_surface.elements.button.ButtonElement object at 0x00000000247D36D0>)
2026-01-07 07:45:51.474 DEBUG [Launchkey_MK4_patched.__init__] RETURN _should_include_element_in_background: False (element.name='Keyboard_115')
2026-01-07 07:45:51.474 DEBUG [Launchkey_MK4_patched.__init__] ENTER LaunchkeyCommonControlSurface._should_include_element_in_background(element=<ableton.v3.control_surface.elements.button.ButtonElement object at 0x00000000247D3C10>)
2026-01-07 07:45:51.474 DEBUG [Launchkey_MK4_patched.__init__] RETURN _should_include_element_in_background: False (element.name='Keyboard_116')
2026-01-07 07:45:51.474 DEBUG [Launchkey_MK4_patched.__init__] ENTER LaunchkeyCommonControlSurface._should_include_element_in_background(element=<ableton.v3.control_surface.elements.button.ButtonElement object at 0x00000000247DD710>)
2026-01-07 07:45:51.474 DEBUG [Launchkey_MK4_patched.__init__] RETURN _should_include_element_in_background: False (element.name='Keyboard_117')
2026-01-07 07:45:51.474 DEBUG [Launchkey_MK4_patched.__init__] ENTER LaunchkeyCommonControlSurface._should_include_element_in_background(element=<ableton.v3.control_surface.elements.button.ButtonElement object at 0x00000000247DDB90>)
2026-01-07 07:45:51.474 DEBUG [Launchkey_MK4_patched.__init__] RETURN _should_include_element_in_background: False (element.name='Keyboard_118')
2026-01-07 07:45:51.474 DEBUG [Launchkey_MK4_patched.__init__] ENTER LaunchkeyCommonControlSurface._should_include_element_in_background(element=<ableton.v3.control_surface.elements.button.ButtonElement object at 0x00000000247DE010>)
2026-01-07 07:45:51.474 DEBUG [Launchkey_MK4_patched.__init__] RETURN _should_include_element_in_background: False (element.name='Keyboard_119')
2026-01-07 07:45:51.474 DEBUG [Launchkey_MK4_patched.__init__] ENTER LaunchkeyCommonControlSurface._should_include_element_in_background(element=<ableton.v3.control_surface.elements.button.ButtonElement object at 0x00000000247DE490>)
2026-01-07 07:45:51.474 DEBUG [Launchkey_MK4_patched.__init__] RETURN _should_include_element_in_background: False (element.name='Keyboard_120')
2026-01-07 07:45:51.474 DEBUG [Launchkey_MK4_patched.__init__] ENTER LaunchkeyCommonControlSurface._should_include_element_in_background(element=<ableton.v3.control_surface.elements.button.ButtonElement object at 0x00000000247DE910>)
2026-01-07 07:45:51.474 DEBUG [Launchkey_MK4_patched.__init__] RETURN _should_include_element_in_background: False (element.name='Keyboard_121')
2026-01-07 07:45:51.474 DEBUG [Launchkey_MK4_patched.__init__] ENTER LaunchkeyCommonControlSurface._should_include_element_in_background(element=<ableton.v3.control_surface.elements.button.ButtonElement object at 0x00000000247DED90>)
2026-01-07 07:45:51.474 DEBUG [Launchkey_MK4_patched.__init__] RETURN _should_include_element_in_background: False (element.name='Keyboard_122')
2026-01-07 07:45:51.474 DEBUG [Launchkey_MK4_patched.__init__] ENTER LaunchkeyCommonControlSurface._should_include_element_in_background(element=<ableton.v3.control_surface.elements.button.ButtonElement object at 0x00000000247DF210>)
2026-01-07 07:45:51.475 DEBUG [Launchkey_MK4_patched.__init__] RETURN _should_include_element_in_background: False (element.name='Keyboard_123')
2026-01-07 07:45:51.475 DEBUG [Launchkey_MK4_patched.__init__] ENTER LaunchkeyCommonControlSurface._should_include_element_in_background(element=<ableton.v3.control_surface.elements.button.ButtonElement object at 0x00000000247DF690>)
2026-01-07 07:45:51.475 DEBUG [Launchkey_MK4_patched.__init__] RETURN _should_include_element_in_background: False (element.name='Keyboard_124')
2026-01-07 07:45:51.475 DEBUG [Launchkey_MK4_patched.__init__] ENTER LaunchkeyCommonControlSurface._should_include_element_in_background(element=<ableton.v3.control_surface.elements.button.ButtonElement object at 0x00000000247DFB10>)
2026-01-07 07:45:51.475 DEBUG [Launchkey_MK4_patched.__init__] RETURN _should_include_element_in_background: False (element.name='Keyboard_125')
2026-01-07 07:45:51.475 DEBUG [Launchkey_MK4_patched.__init__] ENTER LaunchkeyCommonControlSurface._should_include_element_in_background(element=<ableton.v3.control_surface.elements.button.ButtonElement object at 0x00000000247DFF90>)
2026-01-07 07:45:51.475 DEBUG [Launchkey_MK4_patched.__init__] RETURN _should_include_element_in_background: False (element.name='Keyboard_126')
2026-01-07 07:45:51.475 DEBUG [Launchkey_MK4_patched.__init__] ENTER LaunchkeyCommonControlSurface._should_include_element_in_background(element=<ableton.v3.control_surface.elements.button.ButtonElement object at 0x00000000247DD2D0>)
2026-01-07 07:45:51.476 DEBUG [Launchkey_MK4_patched.__init__] RETURN _should_include_element_in_background: False (element.name='Keyboard_127')
2026-01-07 07:45:51.476 DEBUG [Launchkey_MK4_patched.__init__] ENTER LaunchkeyCommonControlSurface._should_include_element_in_background(element=<ableton.v3.control_surface.elements.encoder.EncoderElement object at 0x00000000247E3390>)
2026-01-07 07:45:51.476 DEBUG [Launchkey_MK4_patched.__init__] RETURN _should_include_element_in_background: True (element.name='Encoder_0')
2026-01-07 07:45:51.476 DEBUG [Launchkey_MK4_patched.__init__] ENTER LaunchkeyCommonControlSurface._should_include_element_in_background(element=<ableton.v3.control_surface.elements.encoder.EncoderElement object at 0x0000000024784950>)
2026-01-07 07:45:51.476 DEBUG [Launchkey_MK4_patched.__init__] RETURN _should_include_element_in_background: True (element.name='Encoder_1')
2026-01-07 07:45:51.476 DEBUG [Launchkey_MK4_patched.__init__] ENTER LaunchkeyCommonControlSurface._should_include_element_in_background(element=<ableton.v3.control_surface.elements.encoder.EncoderElement object at 0x00000000247E1090>)
2026-01-07 07:45:51.476 DEBUG [Launchkey_MK4_patched.__init__] RETURN _should_include_element_in_background: True (element.name='Encoder_2')
2026-01-07 07:45:51.476 DEBUG [Launchkey_MK4_patched.__init__] ENTER LaunchkeyCommonControlSurface._should_include_element_in_background(element=<ableton.v3.control_surface.elements.encoder.EncoderElement object at 0x00000000247E3E50>)
2026-01-07 07:45:51.476 DEBUG [Launchkey_MK4_patched.__init__] RETURN _should_include_element_in_background: True (element.name='Encoder_3')
2026-01-07 07:45:51.476 DEBUG [Launchkey_MK4_patched.__init__] ENTER LaunchkeyCommonControlSurface._should_include_element_in_background(element=<ableton.v3.control_surface.elements.encoder.EncoderElement object at 0x00000000247E4590>)
2026-01-07 07:45:51.476 DEBUG [Launchkey_MK4_patched.__init__] RETURN _should_include_element_in_background: True (element.name='Encoder_4')
2026-01-07 07:45:51.476 DEBUG [Launchkey_MK4_patched.__init__] ENTER LaunchkeyCommonControlSurface._should_include_element_in_background(element=<ableton.v3.control_surface.elements.encoder.EncoderElement object at 0x00000000247E5390>)
2026-01-07 07:45:51.476 DEBUG [Launchkey_MK4_patched.__init__] RETURN _should_include_element_in_background: True (element.name='Encoder_5')
2026-01-07 07:45:51.476 DEBUG [Launchkey_MK4_patched.__init__] ENTER LaunchkeyCommonControlSurface._should_include_element_in_background(element=<ableton.v3.control_surface.elements.encoder.EncoderElement object at 0x00000000247E5350>)
2026-01-07 07:45:51.476 DEBUG [Launchkey_MK4_patched.__init__] RETURN _should_include_element_in_background: True (element.name='Encoder_6')
2026-01-07 07:45:51.476 DEBUG [Launchkey_MK4_patched.__init__] ENTER LaunchkeyCommonControlSurface._should_include_element_in_background(element=<ableton.v3.control_surface.elements.encoder.EncoderElement object at 0x00000000247E5AD0>)
2026-01-07 07:45:51.476 DEBUG [Launchkey_MK4_patched.__init__] RETURN _should_include_element_in_background: True (element.name='Encoder_7')
2026-01-07 07:45:51.476 DEBUG [Launchkey_MK4_patched.__init__] ENTER LaunchkeyCommonControlSurface._should_include_element_in_background(element=<ableton.v3.control_surface.elements.button.ButtonElement object at 0x00000000247E6D10>)
2026-01-07 07:45:51.476 DEBUG [Launchkey_MK4_patched.__init__] RETURN _should_include_element_in_background: True (element.name='Encoder_Touch_Element_0')
2026-01-07 07:45:51.477 DEBUG [Launchkey_MK4_patched.__init__] ENTER LaunchkeyCommonControlSurface._should_include_element_in_background(element=<ableton.v3.control_surface.elements.button.ButtonElement object at 0x00000000247E65D0>)
2026-01-07 07:45:51.477 DEBUG [Launchkey_MK4_patched.__init__] RETURN _should_include_element_in_background: True (element.name='Encoder_Touch_Element_1')
2026-01-07 07:45:51.477 DEBUG [Launchkey_MK4_patched.__init__] ENTER LaunchkeyCommonControlSurface._should_include_element_in_background(element=<ableton.v3.control_surface.elements.button.ButtonElement object at 0x00000000247E64D0>)
2026-01-07 07:45:51.477 DEBUG [Launchkey_MK4_patched.__init__] RETURN _should_include_element_in_background: True (element.name='Encoder_Touch_Element_2')
2026-01-07 07:45:51.477 DEBUG [Launchkey_MK4_patched.__init__] ENTER LaunchkeyCommonControlSurface._should_include_element_in_background(element=<ableton.v3.control_surface.elements.button.ButtonElement object at 0x00000000247E6B10>)
2026-01-07 07:45:51.477 DEBUG [Launchkey_MK4_patched.__init__] RETURN _should_include_element_in_background: True (element.name='Encoder_Touch_Element_3')
2026-01-07 07:45:51.477 DEBUG [Launchkey_MK4_patched.__init__] ENTER LaunchkeyCommonControlSurface._should_include_element_in_background(element=<ableton.v3.control_surface.elements.button.ButtonElement object at 0x00000000247E77D0>)
2026-01-07 07:45:51.477 DEBUG [Launchkey_MK4_patched.__init__] RETURN _should_include_element_in_background: True (element.name='Encoder_Touch_Element_4')
2026-01-07 07:45:51.477 DEBUG [Launchkey_MK4_patched.__init__] ENTER LaunchkeyCommonControlSurface._should_include_element_in_background(element=<ableton.v3.control_surface.elements.button.ButtonElement object at 0x00000000247E7D90>)
2026-01-07 07:45:51.477 DEBUG [Launchkey_MK4_patched.__init__] RETURN _should_include_element_in_background: True (element.name='Encoder_Touch_Element_5')
2026-01-07 07:45:51.477 DEBUG [Launchkey_MK4_patched.__init__] ENTER LaunchkeyCommonControlSurface._should_include_element_in_background(element=<ableton.v3.control_surface.elements.button.ButtonElement object at 0x00000000247A7B90>)
2026-01-07 07:45:51.478 DEBUG [Launchkey_MK4_patched.__init__] RETURN _should_include_element_in_background: True (element.name='Encoder_Touch_Element_6')
2026-01-07 07:45:51.478 DEBUG [Launchkey_MK4_patched.__init__] ENTER LaunchkeyCommonControlSurface._should_include_element_in_background(element=<ableton.v3.control_surface.elements.button.ButtonElement object at 0x00000000247E3B10>)
2026-01-07 07:45:51.478 DEBUG [Launchkey_MK4_patched.__init__] RETURN _should_include_element_in_background: True (element.name='Encoder_Touch_Element_7')
2026-01-07 07:45:51.478 DEBUG [Launchkey_MK4_patched.__init__] ENTER LaunchkeyCommonControlSurface._should_include_element_in_background(element=<ableton.v3.control_surface.elements.sysex.SysexElement object at 0x00000000247E0FD0>)
2026-01-07 07:45:51.478 DEBUG [Launchkey_MK4_patched.__init__] RETURN _should_include_element_in_background: True (element.name='Connection_Element')
2026-01-07 07:45:51.478 DEBUG [Launchkey_MK4_patched.__init__] ENTER LaunchkeyCommonControlSurface._should_include_element_in_background(element=<ableton.v3.control_surface.elements.button.ButtonElement object at 0x000000002478AAD0>)
2026-01-07 07:45:51.478 DEBUG [Launchkey_MK4_patched.__init__] RETURN _should_include_element_in_background: True (element.name='Track_Left_Button')
2026-01-07 07:45:51.478 DEBUG [Launchkey_MK4_patched.__init__] ENTER LaunchkeyCommonControlSurface._should_include_element_in_background(element=<ableton.v3.control_surface.elements.button.ButtonElement object at 0x00000000247E6490>)
2026-01-07 07:45:51.478 DEBUG [Launchkey_MK4_patched.__init__] RETURN _should_include_element_in_background: True (element.name='Track_Right_Button')
2026-01-07 07:45:51.481 DEBUG [Launchkey_MK4_patched.__init__] ENTER LaunchkeyCommonControlSurface._get_additional_dependencies()
2026-01-07 07:45:51.481 DEBUG [Launchkey_MK4_patched.__init__] Creating SequencerClip(target_track=self._target_track)
2026-01-07 07:45:51.481 DEBUG [Launchkey_MK4_patched.__init__] SequencerClip registered: <Launchkey_MK4_patched.step_sequence.SequencerClip object at 0x000000002EC9C410>
2026-01-07 07:45:51.481 DEBUG [Launchkey_MK4_patched.__init__] RETURN additional dependencies: {'sequencer_clip': <function const.<locals>.<lambda> at 0x00000000247DAD40>}
2026-01-07 07:45:51.482 DEBUG [Launchkey_MK4_patched.__init__] ENTER LaunchkeyCommonControlSurface.setup()
2026-01-07 07:45:51.482 DEBUG [Launchkey_MK4_patched.__init__] Calling super().setup()
2026-01-07 07:45:51.520 DEBUG [Launchkey_MK4_patched.__init__] super().setup() completed
2026-01-07 07:45:51.520 DEBUG [Launchkey_MK4_patched.__init__] Binding __on_main_pad_mode_changed.subject to component_map['Main_Pad_Modes']
2026-01-07 07:45:51.520 DEBUG [Launchkey_MK4_patched.__init__] Registering slots for Daw_Pad_Modes.selected_mode and Sequencer_Modes.selected_mode
2026-01-07 07:45:51.520 DEBUG [Launchkey_MK4_patched.__init__] Setting Keyboard.note_editor from Step_Sequence.note_editor
2026-01-07 07:45:51.520 DEBUG [Launchkey_MK4_patched.__init__] LaunchkeyCommonControlSurface.setup() completed
2026-01-07 07:45:51.520 DEBUG [Launchkey_MK4_patched.__init__] ENTER LaunchkeyCommonControlSurface.drum_group_changed(_) -> _update_sequencer()
2026-01-07 07:45:51.520 DEBUG [Launchkey_MK4_patched.__init__] ENTER LaunchkeyCommonControlSurface._update_sequencer(_=())
2026-01-07 07:45:51.521 DEBUG [Launchkey_MK4_patched.__init__] Mode state: Main_Pad_Modes='null_0' Daw_Pad_Modes='clip' Sequencer_Modes='default'
2026-01-07 07:45:51.521 DEBUG [Launchkey_MK4_patched.__init__] Sequencer not in active condition -> disable keyboard
2026-01-07 07:45:51.521 DEBUG [Launchkey_MK4_patched.__init__] _update_sequencer completed
2026-01-07 07:45:51.521 DEBUG [Launchkey_MK4_patched.__init__] _update_sequencer completed
2026-01-07 07:45:51.599 DEBUG [Launchkey_MK4_patched.__init__] super().__init__ completed
2026-01-07 07:45:51.599 DEBUG [Launchkey_MK4_patched.__init__] Creating _enable_main_modes_task
2026-01-07 07:45:51.599 DEBUG [Launchkey_MK4_patched.__init__] _enable_main_modes_task created: <ableton.v2.base.task.SequenceTask object at 0x00000000247EA890>
2026-01-07 07:45:51.599 DEBUG [Launchkey_MK4_patched.__init__] Killing _enable_main_modes_task initially
2026-01-07 07:45:51.599 DEBUG [Launchkey_MK4_patched.__init__] _enable_main_modes_task killed
2026-01-07 07:45:51.606 DEBUG [Launchkey_MK4_patched.__init__] ENTER LaunchkeyCommonControlSurface.target_track_changed(_) -> _update_sequencer()
2026-01-07 07:45:51.606 DEBUG [Launchkey_MK4_patched.__init__] ENTER LaunchkeyCommonControlSurface._update_sequencer(_=())
2026-01-07 07:45:51.606 DEBUG [Launchkey_MK4_patched.__init__] Mode state: Main_Pad_Modes='null_0' Daw_Pad_Modes='clip' Sequencer_Modes='default'
2026-01-07 07:45:51.606 DEBUG [Launchkey_MK4_patched.__init__] Sequencer not in active condition -> disable keyboard
2026-01-07 07:45:51.606 DEBUG [Launchkey_MK4_patched.__init__] _update_sequencer completed
2026-01-07 07:45:51.606 DEBUG [Launchkey_MK4_patched.__init__] _update_sequencer completed
2026-01-07 07:45:53.855 DEBUG [Launchkey_MK4_patched.__init__] ENTER LaunchkeyCommonControlSurface.port_settings_changed()
2026-01-07 07:45:53.855 DEBUG [Launchkey_MK4_patched.__init__] Sending disconnect connection_message (port settings changed)
2026-01-07 07:45:53.858 DEBUG [Launchkey_MK4_patched.__init__] Calling super().port_settings_changed()
2026-01-07 07:45:53.858 DEBUG [Launchkey_MK4_patched.__init__] super().port_settings_changed() completed
2026-01-07 07:45:54.023 DEBUG [Launchkey_MK4_patched.__init__] ENTER LaunchkeyCommonControlSurface.target_track_changed(_) -> _update_sequencer()
2026-01-07 07:45:54.023 DEBUG [Launchkey_MK4_patched.__init__] ENTER LaunchkeyCommonControlSurface._update_sequencer(_=())
2026-01-07 07:45:54.023 DEBUG [Launchkey_MK4_patched.__init__] Mode state: Main_Pad_Modes='null_0' Daw_Pad_Modes='clip' Sequencer_Modes='default'
2026-01-07 07:45:54.023 DEBUG [Launchkey_MK4_patched.__init__] Sequencer not in active condition -> disable keyboard
2026-01-07 07:45:54.023 DEBUG [Launchkey_MK4_patched.__init__] _update_sequencer completed
2026-01-07 07:45:54.024 DEBUG [Launchkey_MK4_patched.__init__] _update_sequencer completed
2026-01-07 07:45:54.024 DEBUG [Launchkey_MK4_patched.__init__] ENTER LaunchkeyCommonControlSurface.identification_state_changed(state=True)
2026-01-07 07:45:54.024 DEBUG [Launchkey_MK4_patched.__init__] state=True: updating display and modes, sending disable daw label popup
2026-01-07 07:45:54.024 DEBUG [Launchkey_MK4_patched.__init__] ENTER LaunchkeyCommonControlSurface.send_midi(midi_bytes=(240, 0, 32, 41, 2, 19, 4, 34, 1, 247))
2026-01-07 07:45:54.024 DEBUG [Launchkey_MK4_patched.__init__] _send_midi completed
2026-01-07 07:45:54.025 DEBUG [Launchkey_MK4_patched.__init__] Restarting _enable_main_modes_task
2026-01-07 07:45:54.025 DEBUG [Launchkey_MK4_patched.__init__] _enable_main_modes_task restarted
2026-01-07 07:45:54.387 DEBUG [Launchkey_MK4_patched.__init__] ENTER LaunchkeyCommonControlSurface._enable_main_modes()
2026-01-07 07:45:54.387 DEBUG [Launchkey_MK4_patched.__init__] Identification state: is_identified=True
2026-01-07 07:45:54.387 DEBUG [Launchkey_MK4_patched.__init__] Entering component_guard()
2026-01-07 07:45:54.388 DEBUG [Launchkey_MK4_patched.__init__] Setting Main_Encoder_Modes.selected_mode='plugin'
2026-01-07 07:45:54.388 DEBUG [Launchkey_MK4_patched.__init__] Enabling Main_Encoder_Modes=True
2026-01-07 07:45:54.389 DEBUG [Launchkey_MK4_patched.__init__] ENTER LaunchkeyCommonControlSurface.send_midi(midi_bytes=(182, 69, 127))
2026-01-07 07:45:54.389 DEBUG [Launchkey_MK4_patched.__init__] _send_midi completed
2026-01-07 07:45:54.389 DEBUG [Launchkey_MK4_patched.__init__] Setting Daw_Pad_Modes.selected_mode='clip'
2026-01-07 07:45:54.389 DEBUG [Launchkey_MK4_patched.__init__] Setting Main_Pad_Modes.selected_mode='daw'
2026-01-07 07:45:54.389 DEBUG [Launchkey_MK4_patched.__init__] Enabling Main_Pad_Modes=True
2026-01-07 07:45:54.395 DEBUG [Launchkey_MK4_patched.__init__] ENTER LaunchkeyCommonControlSurface._update_sequencer(_=('clip',))
2026-01-07 07:45:54.395 DEBUG [Launchkey_MK4_patched.__init__] Mode state: Main_Pad_Modes='daw' Daw_Pad_Modes='clip' Sequencer_Modes='default'
2026-01-07 07:45:54.395 DEBUG [Launchkey_MK4_patched.__init__] Sequencer not in active condition -> disable keyboard
2026-01-07 07:45:54.395 DEBUG [Launchkey_MK4_patched.__init__] _update_sequencer completed
2026-01-07 07:45:54.396 DEBUG [Launchkey_MK4_patched.__init__] ENTER __on_main_pad_mode_changed(selected_mode='daw')
2026-01-07 07:45:54.396 DEBUG [Launchkey_MK4_patched.__init__] set_can_update_controlled_track(False)
2026-01-07 07:45:54.396 DEBUG [Launchkey_MK4_patched.__init__] Calling _update_sequencer() due to main pad mode change
2026-01-07 07:45:54.396 DEBUG [Launchkey_MK4_patched.__init__] ENTER LaunchkeyCommonControlSurface._update_sequencer(_=())
2026-01-07 07:45:54.396 DEBUG [Launchkey_MK4_patched.__init__] Mode state: Main_Pad_Modes='daw' Daw_Pad_Modes='clip' Sequencer_Modes='default'
2026-01-07 07:45:54.396 DEBUG [Launchkey_MK4_patched.__init__] Sequencer not in active condition -> disable keyboard
2026-01-07 07:45:54.396 DEBUG [Launchkey_MK4_patched.__init__] _update_sequencer completed
2026-01-07 07:45:54.396 DEBUG [Launchkey_MK4_patched.__init__] __on_main_pad_mode_changed completed
2026-01-07 07:45:54.396 DEBUG [Launchkey_MK4_patched.__init__] component_guard() exited
2026-01-07 07:45:54.396 DEBUG [Launchkey_MK4_patched.__init__] Setting can_auto_arm=True
2026-01-07 07:45:54.397 DEBUG [Launchkey_MK4_patched.__init__] set_can_auto_arm completed
2026-01-07 07:45:54.467 DEBUG [Launchkey_MK4_patched.__init__] ENTER LaunchkeyCommonControlSurface.port_settings_changed()
2026-01-07 07:45:54.467 DEBUG [Launchkey_MK4_patched.__init__] Sending disconnect connection_message (port settings changed)
2026-01-07 07:45:54.468 DEBUG [Launchkey_MK4_patched.__init__] Calling super().port_settings_changed()
2026-01-07 07:45:54.470 DEBUG [Launchkey_MK4_patched.__init__] ENTER LaunchkeyCommonControlSurface.identification_state_changed(state=False)
2026-01-07 07:45:54.470 DEBUG [Launchkey_MK4_patched.__init__] Restarting _enable_main_modes_task
2026-01-07 07:45:54.470 DEBUG [Launchkey_MK4_patched.__init__] _enable_main_modes_task restarted
2026-01-07 07:45:54.470 DEBUG [Launchkey_MK4_patched.__init__] super().port_settings_changed() completed
2026-01-07 07:45:54.516 DEBUG [Launchkey_MK4_patched.__init__] ENTER LaunchkeyCommonControlSurface._update_sequencer(_=(None,))
2026-01-07 07:45:54.516 DEBUG [Launchkey_MK4_patched.__init__] Mode state: Main_Pad_Modes='null_1' Daw_Pad_Modes='clip' Sequencer_Modes='default'
2026-01-07 07:45:54.516 DEBUG [Launchkey_MK4_patched.__init__] Sequencer not in active condition -> disable keyboard
2026-01-07 07:45:54.516 DEBUG [Launchkey_MK4_patched.__init__] _update_sequencer completed
2026-01-07 07:45:54.516 DEBUG [Launchkey_MK4_patched.__init__] ENTER __on_main_pad_mode_changed(selected_mode='null_1')
2026-01-07 07:45:54.516 DEBUG [Launchkey_MK4_patched.__init__] set_can_update_controlled_track(False)
2026-01-07 07:45:54.516 DEBUG [Launchkey_MK4_patched.__init__] Calling _update_sequencer() due to main pad mode change
2026-01-07 07:45:54.516 DEBUG [Launchkey_MK4_patched.__init__] ENTER LaunchkeyCommonControlSurface._update_sequencer(_=())
2026-01-07 07:45:54.516 DEBUG [Launchkey_MK4_patched.__init__] Mode state: Main_Pad_Modes='null_1' Daw_Pad_Modes='clip' Sequencer_Modes='default'
2026-01-07 07:45:54.516 DEBUG [Launchkey_MK4_patched.__init__] Sequencer not in active condition -> disable keyboard
2026-01-07 07:45:54.517 DEBUG [Launchkey_MK4_patched.__init__] _update_sequencer completed
2026-01-07 07:45:54.517 DEBUG [Launchkey_MK4_patched.__init__] __on_main_pad_mode_changed completed
2026-01-07 07:45:54.540 DEBUG [Launchkey_MK4_patched.__init__] ENTER LaunchkeyCommonControlSurface.target_track_changed(_) -> _update_sequencer()
2026-01-07 07:45:54.540 DEBUG [Launchkey_MK4_patched.__init__] ENTER LaunchkeyCommonControlSurface._update_sequencer(_=())
2026-01-07 07:45:54.540 DEBUG [Launchkey_MK4_patched.__init__] Mode state: Main_Pad_Modes='null_1' Daw_Pad_Modes='clip' Sequencer_Modes='default'
2026-01-07 07:45:54.540 DEBUG [Launchkey_MK4_patched.__init__] Sequencer not in active condition -> disable keyboard
2026-01-07 07:45:54.540 DEBUG [Launchkey_MK4_patched.__init__] _update_sequencer completed
2026-01-07 07:45:54.540 DEBUG [Launchkey_MK4_patched.__init__] _update_sequencer completed
2026-01-07 07:45:54.541 DEBUG [Launchkey_MK4_patched.__init__] ENTER LaunchkeyCommonControlSurface.identification_state_changed(state=True)
2026-01-07 07:45:54.541 DEBUG [Launchkey_MK4_patched.__init__] state=True: updating display and modes, sending disable daw label popup
2026-01-07 07:45:54.541 DEBUG [Launchkey_MK4_patched.__init__] ENTER __on_main_pad_mode_changed(selected_mode='null_0')
2026-01-07 07:45:54.541 DEBUG [Launchkey_MK4_patched.__init__] set_can_update_controlled_track(False)
2026-01-07 07:45:54.541 DEBUG [Launchkey_MK4_patched.__init__] Calling _update_sequencer() due to main pad mode change
2026-01-07 07:45:54.542 DEBUG [Launchkey_MK4_patched.__init__] ENTER LaunchkeyCommonControlSurface._update_sequencer(_=())
2026-01-07 07:45:54.542 DEBUG [Launchkey_MK4_patched.__init__] Mode state: Main_Pad_Modes='null_0' Daw_Pad_Modes='clip' Sequencer_Modes='default'
2026-01-07 07:45:54.542 DEBUG [Launchkey_MK4_patched.__init__] Sequencer not in active condition -> disable keyboard
2026-01-07 07:45:54.542 DEBUG [Launchkey_MK4_patched.__init__] _update_sequencer completed
2026-01-07 07:45:54.542 DEBUG [Launchkey_MK4_patched.__init__] __on_main_pad_mode_changed completed
2026-01-07 07:45:54.542 DEBUG [Launchkey_MK4_patched.__init__] ENTER LaunchkeyCommonControlSurface.send_midi(midi_bytes=(240, 0, 32, 41, 2, 19, 4, 34, 1, 247))
2026-01-07 07:45:54.542 DEBUG [Launchkey_MK4_patched.__init__] _send_midi completed
2026-01-07 07:45:54.542 DEBUG [Launchkey_MK4_patched.__init__] Restarting _enable_main_modes_task
2026-01-07 07:45:54.542 DEBUG [Launchkey_MK4_patched.__init__] _enable_main_modes_task restarted
2026-01-07 07:45:54.660 DEBUG [Launchkey_MK4_patched.__init__] ENTER LaunchkeyCommonControlSurface._update_sequencer(_=('clip',))
2026-01-07 07:45:54.660 DEBUG [Launchkey_MK4_patched.__init__] Mode state: Main_Pad_Modes='daw' Daw_Pad_Modes='clip' Sequencer_Modes='default'
2026-01-07 07:45:54.660 DEBUG [Launchkey_MK4_patched.__init__] Sequencer not in active condition -> disable keyboard
2026-01-07 07:45:54.660 DEBUG [Launchkey_MK4_patched.__init__] _update_sequencer completed
2026-01-07 07:45:54.660 DEBUG [Launchkey_MK4_patched.__init__] ENTER __on_main_pad_mode_changed(selected_mode='daw')
2026-01-07 07:45:54.660 DEBUG [Launchkey_MK4_patched.__init__] set_can_update_controlled_track(False)
2026-01-07 07:45:54.660 DEBUG [Launchkey_MK4_patched.__init__] Calling _update_sequencer() due to main pad mode change
2026-01-07 07:45:54.660 DEBUG [Launchkey_MK4_patched.__init__] ENTER LaunchkeyCommonControlSurface._update_sequencer(_=())
2026-01-07 07:45:54.660 DEBUG [Launchkey_MK4_patched.__init__] Mode state: Main_Pad_Modes='daw' Daw_Pad_Modes='clip' Sequencer_Modes='default'
2026-01-07 07:45:54.660 DEBUG [Launchkey_MK4_patched.__init__] Sequencer not in active condition -> disable keyboard
2026-01-07 07:45:54.660 DEBUG [Launchkey_MK4_patched.__init__] _update_sequencer completed
2026-01-07 07:45:54.660 DEBUG [Launchkey_MK4_patched.__init__] __on_main_pad_mode_changed completed
2026-01-07 07:45:55.037 DEBUG [Launchkey_MK4_patched.__init__] ENTER LaunchkeyCommonControlSurface._enable_main_modes()
2026-01-07 07:45:55.037 DEBUG [Launchkey_MK4_patched.__init__] Identification state: is_identified=True
2026-01-07 07:45:55.037 DEBUG [Launchkey_MK4_patched.__init__] Entering component_guard()
2026-01-07 07:45:55.037 DEBUG [Launchkey_MK4_patched.__init__] Setting Main_Encoder_Modes.selected_mode='plugin'
2026-01-07 07:45:55.038 DEBUG [Launchkey_MK4_patched.__init__] ENTER LaunchkeyCommonControlSurface.send_midi(midi_bytes=(182, 69, 127))
2026-01-07 07:45:55.038 DEBUG [Launchkey_MK4_patched.__init__] _send_midi completed
2026-01-07 07:45:55.038 DEBUG [Launchkey_MK4_patched.__init__] Enabling Main_Encoder_Modes=True
2026-01-07 07:45:55.038 DEBUG [Launchkey_MK4_patched.__init__] Setting Daw_Pad_Modes.selected_mode='clip'
2026-01-07 07:45:55.038 DEBUG [Launchkey_MK4_patched.__init__] Setting Main_Pad_Modes.selected_mode='daw'
2026-01-07 07:45:55.038 DEBUG [Launchkey_MK4_patched.__init__] Enabling Main_Pad_Modes=True
2026-01-07 07:45:55.039 DEBUG [Launchkey_MK4_patched.__init__] component_guard() exited
2026-01-07 07:45:55.039 DEBUG [Launchkey_MK4_patched.__init__] Setting can_auto_arm=True
2026-01-07 07:45:55.039 DEBUG [Launchkey_MK4_patched.__init__] set_can_auto_arm completed
2026-01-07 07:45:55.085 DEBUG [Launchkey_MK4_patched.__init__] ENTER LaunchkeyCommonControlSurface.port_settings_changed()
2026-01-07 07:45:55.086 DEBUG [Launchkey_MK4_patched.__init__] Sending disconnect connection_message (port settings changed)
2026-01-07 07:45:55.086 DEBUG [Launchkey_MK4_patched.__init__] Calling super().port_settings_changed()
2026-01-07 07:45:55.086 DEBUG [Launchkey_MK4_patched.__init__] ENTER LaunchkeyCommonControlSurface.identification_state_changed(state=False)
2026-01-07 07:45:55.087 DEBUG [Launchkey_MK4_patched.__init__] Restarting _enable_main_modes_task
2026-01-07 07:45:55.087 DEBUG [Launchkey_MK4_patched.__init__] _enable_main_modes_task restarted
2026-01-07 07:45:55.087 DEBUG [Launchkey_MK4_patched.__init__] super().port_settings_changed() completed
2026-01-07 07:45:55.119 DEBUG [Launchkey_MK4_patched.__init__] ENTER LaunchkeyCommonControlSurface._update_sequencer(_=(None,))
2026-01-07 07:45:55.119 DEBUG [Launchkey_MK4_patched.__init__] Mode state: Main_Pad_Modes='null_1' Daw_Pad_Modes='clip' Sequencer_Modes='default'
2026-01-07 07:45:55.119 DEBUG [Launchkey_MK4_patched.__init__] Sequencer not in active condition -> disable keyboard
2026-01-07 07:45:55.119 DEBUG [Launchkey_MK4_patched.__init__] _update_sequencer completed
2026-01-07 07:45:55.119 DEBUG [Launchkey_MK4_patched.__init__] ENTER __on_main_pad_mode_changed(selected_mode='null_1')
2026-01-07 07:45:55.119 DEBUG [Launchkey_MK4_patched.__init__] set_can_update_controlled_track(False)
2026-01-07 07:45:55.119 DEBUG [Launchkey_MK4_patched.__init__] Calling _update_sequencer() due to main pad mode change
2026-01-07 07:45:55.119 DEBUG [Launchkey_MK4_patched.__init__] ENTER LaunchkeyCommonControlSurface._update_sequencer(_=())
2026-01-07 07:45:55.119 DEBUG [Launchkey_MK4_patched.__init__] Mode state: Main_Pad_Modes='null_1' Daw_Pad_Modes='clip' Sequencer_Modes='default'
2026-01-07 07:45:55.119 DEBUG [Launchkey_MK4_patched.__init__] Sequencer not in active condition -> disable keyboard
2026-01-07 07:45:55.120 DEBUG [Launchkey_MK4_patched.__init__] _update_sequencer completed
2026-01-07 07:45:55.120 DEBUG [Launchkey_MK4_patched.__init__] __on_main_pad_mode_changed completed
2026-01-07 07:45:55.157 DEBUG [Launchkey_MK4_patched.__init__] ENTER LaunchkeyCommonControlSurface.target_track_changed(_) -> _update_sequencer()
2026-01-07 07:45:55.157 DEBUG [Launchkey_MK4_patched.__init__] ENTER LaunchkeyCommonControlSurface._update_sequencer(_=())
2026-01-07 07:45:55.157 DEBUG [Launchkey_MK4_patched.__init__] Mode state: Main_Pad_Modes='null_1' Daw_Pad_Modes='clip' Sequencer_Modes='default'
2026-01-07 07:45:55.157 DEBUG [Launchkey_MK4_patched.__init__] Sequencer not in active condition -> disable keyboard
2026-01-07 07:45:55.157 DEBUG [Launchkey_MK4_patched.__init__] _update_sequencer completed
2026-01-07 07:45:55.158 DEBUG [Launchkey_MK4_patched.__init__] _update_sequencer completed
2026-01-07 07:45:55.158 DEBUG [Launchkey_MK4_patched.__init__] ENTER LaunchkeyCommonControlSurface.identification_state_changed(state=True)
2026-01-07 07:45:55.158 DEBUG [Launchkey_MK4_patched.__init__] state=True: updating display and modes, sending disable daw label popup
2026-01-07 07:45:55.158 DEBUG [Launchkey_MK4_patched.__init__] ENTER __on_main_pad_mode_changed(selected_mode='null_0')
2026-01-07 07:45:55.158 DEBUG [Launchkey_MK4_patched.__init__] set_can_update_controlled_track(False)
2026-01-07 07:45:55.158 DEBUG [Launchkey_MK4_patched.__init__] Calling _update_sequencer() due to main pad mode change
2026-01-07 07:45:55.158 DEBUG [Launchkey_MK4_patched.__init__] ENTER LaunchkeyCommonControlSurface._update_sequencer(_=())
2026-01-07 07:45:55.159 DEBUG [Launchkey_MK4_patched.__init__] Mode state: Main_Pad_Modes='null_0' Daw_Pad_Modes='clip' Sequencer_Modes='default'
2026-01-07 07:45:55.159 DEBUG [Launchkey_MK4_patched.__init__] Sequencer not in active condition -> disable keyboard
2026-01-07 07:45:55.159 DEBUG [Launchkey_MK4_patched.__init__] _update_sequencer completed
2026-01-07 07:45:55.159 DEBUG [Launchkey_MK4_patched.__init__] __on_main_pad_mode_changed completed
2026-01-07 07:45:55.159 DEBUG [Launchkey_MK4_patched.__init__] ENTER LaunchkeyCommonControlSurface.send_midi(midi_bytes=(240, 0, 32, 41, 2, 19, 4, 34, 1, 247))
2026-01-07 07:45:55.159 DEBUG [Launchkey_MK4_patched.__init__] _send_midi completed
2026-01-07 07:45:55.159 DEBUG [Launchkey_MK4_patched.__init__] Restarting _enable_main_modes_task
2026-01-07 07:45:55.159 DEBUG [Launchkey_MK4_patched.__init__] _enable_main_modes_task restarted
2026-01-07 07:45:55.278 DEBUG [Launchkey_MK4_patched.__init__] ENTER LaunchkeyCommonControlSurface._update_sequencer(_=('clip',))
2026-01-07 07:45:55.278 DEBUG [Launchkey_MK4_patched.__init__] Mode state: Main_Pad_Modes='daw' Daw_Pad_Modes='clip' Sequencer_Modes='default'
2026-01-07 07:45:55.278 DEBUG [Launchkey_MK4_patched.__init__] Sequencer not in active condition -> disable keyboard
2026-01-07 07:45:55.278 DEBUG [Launchkey_MK4_patched.__init__] _update_sequencer completed
2026-01-07 07:45:55.278 DEBUG [Launchkey_MK4_patched.__init__] ENTER __on_main_pad_mode_changed(selected_mode='daw')
2026-01-07 07:45:55.278 DEBUG [Launchkey_MK4_patched.__init__] set_can_update_controlled_track(False)
2026-01-07 07:45:55.278 DEBUG [Launchkey_MK4_patched.__init__] Calling _update_sequencer() due to main pad mode change
2026-01-07 07:45:55.278 DEBUG [Launchkey_MK4_patched.__init__] ENTER LaunchkeyCommonControlSurface._update_sequencer(_=())
2026-01-07 07:45:55.278 DEBUG [Launchkey_MK4_patched.__init__] Mode state: Main_Pad_Modes='daw' Daw_Pad_Modes='clip' Sequencer_Modes='default'
2026-01-07 07:45:55.278 DEBUG [Launchkey_MK4_patched.__init__] Sequencer not in active condition -> disable keyboard
2026-01-07 07:45:55.278 DEBUG [Launchkey_MK4_patched.__init__] _update_sequencer completed
2026-01-07 07:45:55.278 DEBUG [Launchkey_MK4_patched.__init__] __on_main_pad_mode_changed completed
2026-01-07 07:45:55.469 DEBUG [Launchkey_MK4_patched.__init__] ENTER LaunchkeyCommonControlSurface._enable_main_modes()
2026-01-07 07:45:55.469 DEBUG [Launchkey_MK4_patched.__init__] Identification state: is_identified=True
2026-01-07 07:45:55.469 DEBUG [Launchkey_MK4_patched.__init__] Entering component_guard()
2026-01-07 07:45:55.469 DEBUG [Launchkey_MK4_patched.__init__] Setting Main_Encoder_Modes.selected_mode='plugin'
2026-01-07 07:45:55.470 DEBUG [Launchkey_MK4_patched.__init__] ENTER LaunchkeyCommonControlSurface.send_midi(midi_bytes=(182, 69, 127))
2026-01-07 07:45:55.470 DEBUG [Launchkey_MK4_patched.__init__] _send_midi completed
2026-01-07 07:45:55.470 DEBUG [Launchkey_MK4_patched.__init__] Enabling Main_Encoder_Modes=True
2026-01-07 07:45:55.471 DEBUG [Launchkey_MK4_patched.__init__] Setting Daw_Pad_Modes.selected_mode='clip'
2026-01-07 07:45:55.471 DEBUG [Launchkey_MK4_patched.__init__] Setting Main_Pad_Modes.selected_mode='daw'
2026-01-07 07:45:55.471 DEBUG [Launchkey_MK4_patched.__init__] Enabling Main_Pad_Modes=True
2026-01-07 07:45:55.471 DEBUG [Launchkey_MK4_patched.__init__] component_guard() exited
2026-01-07 07:45:55.471 DEBUG [Launchkey_MK4_patched.__init__] Setting can_auto_arm=True
2026-01-07 07:45:55.471 DEBUG [Launchkey_MK4_patched.__init__] set_can_auto_arm completed
2026-01-07 07:46:00.844 DEBUG [Launchkey_MK4_patched.__init__] ENTER LaunchkeyCommonControlSurface._update_sequencer(_=(None,))
2026-01-07 07:46:00.844 DEBUG [Launchkey_MK4_patched.__init__] Mode state: Main_Pad_Modes='daw' Daw_Pad_Modes='clip' Sequencer_Modes='default'
2026-01-07 07:46:00.844 DEBUG [Launchkey_MK4_patched.__init__] Sequencer not in active condition -> disable keyboard
2026-01-07 07:46:00.844 DEBUG [Launchkey_MK4_patched.__init__] _update_sequencer completed
2026-01-07 07:46:00.845 DEBUG [Launchkey_MK4_patched.__init__] ENTER __on_main_pad_mode_changed(selected_mode=None)
2026-01-07 07:46:00.845 DEBUG [Launchkey_MK4_patched.__init__] set_can_update_controlled_track(False)
2026-01-07 07:46:00.845 DEBUG [Launchkey_MK4_patched.__init__] Calling _update_sequencer() due to main pad mode change
2026-01-07 07:46:00.845 DEBUG [Launchkey_MK4_patched.__init__] ENTER LaunchkeyCommonControlSurface._update_sequencer(_=())
2026-01-07 07:46:00.845 DEBUG [Launchkey_MK4_patched.__init__] Mode state: Main_Pad_Modes='daw' Daw_Pad_Modes='clip' Sequencer_Modes='default'
2026-01-07 07:46:00.846 DEBUG [Launchkey_MK4_patched.__init__] Sequencer not in active condition -> disable keyboard
2026-01-07 07:46:00.846 DEBUG [Launchkey_MK4_patched.__init__] _update_sequencer completed
2026-01-07 07:46:00.846 DEBUG [Launchkey_MK4_patched.__init__] __on_main_pad_mode_changed completed
